DB.ID	TaxID	AccNum.noV	AccNum	SeqMD5Digest	SLength	Analysis	SignDesc	StartLoc	StopLoc	Score	Status	RunDate	IPRAcc	IPRDesc	FullAccNum	ProteinName	Length	SourceDB	Completeness	Lineage	Species	Name	ShortName	LookupTblDesc	ID	Label
PF05258	470	WP_000042456	WP_000042456.1	1b6644c743ee2b7077cf022ff51f98c6	154	Pfam	Dna[CI] antecedent, DciA	27	95	0.00031	TRUE	07-01-2022	IPR007922	Protein of unknown function DUF721/UPF0232	WP_000042456.1	DciA family protein [Acinetobacter baumannii]	154	refseq	complete	Bacteria>Proteobacteria	Acinetobacter baumannii	BProteo_Abaumannii_WP_000042456.1	DciA	Dna[CI] antecedent, DciA	CL0424	DciA
PF05258	171	WP_000650726	WP_000650726.1	b15b025cc92dca0e06daf0e499da9138	154	Pfam	Dna[CI] antecedent, DciA	18	103	4.6e-15	TRUE	07-01-2022	IPR007922	Protein of unknown function DUF721/UPF0232	WP_000650726.1	MULTISPECIES: DUF721 domain-containing protein [Leptospira]	154	refseq	complete	Bacteria>Spirochaetes	Leptospira	BSpiroc_Linterrogans_WP_000650726.1	DciA	Dna[CI] antecedent, DciA	CL0424	DciA
PTHR36456	171	WP_000650726	WP_000650726.1	b15b025cc92dca0e06daf0e499da9138	154	PANTHER	UPF0232 PROTEIN SCO3875	7	153	4.1e-29	TRUE	07-01-2022	NA	NA	WP_000650726.1	MULTISPECIES: DUF721 domain-containing protein [Leptospira]	154	refseq	complete	Bacteria>Spirochaetes	Leptospira	BSpiroc_Linterrogans_WP_000650726.1	UPF0232 PROTEIN SCO3875	UPF0232 PROTEIN SCO3875	NA	UPF0232 PROTEIN SCO3875
Coil	487	WP_002257648	WP_002257648.1	767aff7efd428aa45a9a4144957ccfd4	140	Coils	Coil	117	137	-	TRUE	07-01-2022	NA	NA	WP_002257648.1	DciA family protein [Neisseria meningitidis]	140	refseq	complete	Bacteria>Proteobacteria	Neisseria meningitidis	BProteo_Nmeningitidis_WP_002257648.1	Coil	NA	NA	Coil
PF05258	487	WP_002257648	WP_002257648.1	767aff7efd428aa45a9a4144957ccfd4	140	Pfam	Dna[CI] antecedent, DciA	14	79	9.6E-9	TRUE	07-01-2022	IPR007922	Protein of unknown function DUF721/UPF0232	WP_002257648.1	DciA family protein [Neisseria meningitidis]	140	refseq	complete	Bacteria>Proteobacteria	Neisseria meningitidis	BProteo_Nmeningitidis_WP_002257648.1	DciA	Dna[CI] antecedent, DciA	CL0424	DciA
PF05258	234	WP_002963653	WP_002963653.1	3cf5033099ecc2afd2ab42e1a8c613c5	175	Pfam	Dna[CI] antecedent, DciA	12	110	6.5e-18	TRUE	07-01-2022	IPR007922	Protein of unknown function DUF721/UPF0232	WP_002963653.1	MULTISPECIES: DUF721 domain-containing protein [Brucella]	175	refseq	complete	Bacteria>Proteobacteria	Brucella	BProteo_Babortus_WP_002963653.1	DciA	Dna[CI] antecedent, DciA	CL0424	DciA
PIRSF032064	234	WP_002963653	WP_002963653.1	3cf5033099ecc2afd2ab42e1a8c613c5	175	PIRSF	UCP032064	1	166	7.5e-78	TRUE	07-01-2022	IPR010593	Protein of unknown function DUF1159	WP_002963653.1	MULTISPECIES: DUF721 domain-containing protein [Brucella]	175	refseq	complete	Bacteria>Proteobacteria	Brucella	BProteo_Babortus_WP_002963653.1	UCP032064	NA	NA	UCP032064
Coil	286	WP_003120896	WP_003120896.1	59a2836a8edf421dbec59cdeb166ea5c	131	Coils	Coil	111	131	-	TRUE	07-01-2022	NA	NA	WP_003120896.1	MULTISPECIES: DciA family protein [Pseudomonas]	131	refseq	complete	Bacteria>Proteobacteria	Pseudomonas	BProteo_Paeruginosa_WP_003120896.1	Coil	NA	NA	Coil
PF05258	286	WP_003120896	WP_003120896.1	59a2836a8edf421dbec59cdeb166ea5c	131	Pfam	Dna[CI] antecedent, DciA	5	74	2.2E-9	TRUE	07-01-2022	IPR007922	Protein of unknown function DUF721/UPF0232	WP_003120896.1	MULTISPECIES: DciA family protein [Pseudomonas]	131	refseq	complete	Bacteria>Proteobacteria	Pseudomonas	BProteo_Paeruginosa_WP_003120896.1	DciA	Dna[CI] antecedent, DciA	CL0424	DciA
PF05258	227290	WP_003509079	WP_003509079.1	b102bde84a166b041260ae7c09f3d381	173	Pfam	Dna[CI] antecedent, DciA	15	114	4.1e-20	TRUE	07-01-2022	IPR007922	Protein of unknown function DUF721/UPF0232	WP_003509079.1	MULTISPECIES: DUF721 domain-containing protein [Rhizobium/Agrobacterium group]	173	refseq	complete	Bacteria>Proteobacteria	Rhizobium/Agrobacterium group	BProteo_Rgroup_WP_003509079.1	DciA	Dna[CI] antecedent, DciA	CL0424	DciA
PIRSF032064	227290	WP_003509079	WP_003509079.1	b102bde84a166b041260ae7c09f3d381	173	PIRSF	UCP032064	1	169	4.6e-77	TRUE	07-01-2022	IPR010593	Protein of unknown function DUF1159	WP_003509079.1	MULTISPECIES: DUF721 domain-containing protein [Rhizobium/Agrobacterium group]	173	refseq	complete	Bacteria>Proteobacteria	Rhizobium/Agrobacterium group	BProteo_Rgroup_WP_003509079.1	UCP032064	NA	NA	UCP032064
Coil	485	WP_003688269	WP_003688269.1	1cf61d883ad07aad39f0aaabea45a7d3	140	Coils	Coil	117	137	-	TRUE	07-01-2022	NA	NA	WP_003688269.1	DUF721 domain-containing protein [Neisseria gonorrhoeae]	140	refseq	complete	Bacteria>Proteobacteria	Neisseria gonorrhoeae	BProteo_Ngonorrhoeae_WP_003688269.1	Coil	NA	NA	Coil
PF05258	485	WP_003688269	WP_003688269.1	1cf61d883ad07aad39f0aaabea45a7d3	140	Pfam	Dna[CI] antecedent, DciA	14	79	3.8E-9	TRUE	07-01-2022	IPR007922	Protein of unknown function DUF721/UPF0232	WP_003688269.1	DUF721 domain-containing protein [Neisseria gonorrhoeae]	140	refseq	complete	Bacteria>Proteobacteria	Neisseria gonorrhoeae	BProteo_Ngonorrhoeae_WP_003688269.1	DciA	Dna[CI] antecedent, DciA	CL0424	DciA
MF_00630	1883	WP_003975057	WP_003975057.1	b64edc5e397c5b04709c5ba1efe2919d	190	Hamap	UPF0232 protein <locus_tag>.	3	176	32.682	TRUE	07-01-2022	IPR023007	Uncharacterised protein family UPF0232, actinobacteria	WP_003975057.1	MULTISPECIES: DUF721 domain-containing protein [Streptomyces]	190	refseq	complete	Bacteria>Actinobacteria	Streptomyces	BActino_Scoelicolor_WP_003975057.1	UPF0232 protein <locus_tag>.	NA	NA	UPF0232 protein <locus_tag>.
PF05258	1883	WP_003975057	WP_003975057.1	b64edc5e397c5b04709c5ba1efe2919d	190	Pfam	Dna[CI] antecedent, DciA	73	161	3.1E-24	TRUE	07-01-2022	IPR007922	Protein of unknown function DUF721/UPF0232	WP_003975057.1	MULTISPECIES: DUF721 domain-containing protein [Streptomyces]	190	refseq	complete	Bacteria>Actinobacteria	Streptomyces	BActino_Scoelicolor_WP_003975057.1	DciA	Dna[CI] antecedent, DciA	CL0424	DciA
PTHR36456	1883	WP_003975057	WP_003975057.1	b64edc5e397c5b04709c5ba1efe2919d	190	PANTHER	UPF0232 PROTEIN SCO3875	64	190	1.1E-38	TRUE	07-01-2022	NA	NA	WP_003975057.1	MULTISPECIES: DUF721 domain-containing protein [Streptomyces]	190	refseq	complete	Bacteria>Actinobacteria	Streptomyces	BActino_Scoelicolor_WP_003975057.1	UPF0232 PROTEIN SCO3875	UPF0232 PROTEIN SCO3875	NA	UPF0232 PROTEIN SCO3875
mobidb-lite	1883	WP_003975057	WP_003975057.1	b64edc5e397c5b04709c5ba1efe2919d	190	MobiDBLite	consensus disorder prediction	1	69	-	TRUE	07-01-2022	NA	NA	WP_003975057.1	MULTISPECIES: DUF721 domain-containing protein [Streptomyces]	190	refseq	complete	Bacteria>Actinobacteria	Streptomyces	BActino_Scoelicolor_WP_003975057.1	consensus disorder prediction	NA	NA	consensus disorder prediction
mobidb-lite	1883	WP_003975057	WP_003975057.1	b64edc5e397c5b04709c5ba1efe2919d	190	MobiDBLite	consensus disorder prediction	35	63	-	TRUE	07-01-2022	NA	NA	WP_003975057.1	MULTISPECIES: DUF721 domain-containing protein [Streptomyces]	190	refseq	complete	Bacteria>Actinobacteria	Streptomyces	BActino_Scoelicolor_WP_003975057.1	consensus disorder prediction	NA	NA	consensus disorder prediction
mobidb-lite	1883	WP_003975057	WP_003975057.1	b64edc5e397c5b04709c5ba1efe2919d	190	MobiDBLite	consensus disorder prediction	163	190	-	TRUE	07-01-2022	NA	NA	WP_003975057.1	MULTISPECIES: DUF721 domain-containing protein [Streptomyces]	190	refseq	complete	Bacteria>Actinobacteria	Streptomyces	BActino_Scoelicolor_WP_003975057.1	consensus disorder prediction	NA	NA	consensus disorder prediction
PF05258	583	WP_004244106	WP_004244106.1	1c8d3bea18c586c81542ffe11980275b	172	Pfam	Dna[CI] antecedent, DciA	20	98	3.9e-13	TRUE	07-01-2022	IPR007922	Protein of unknown function DUF721/UPF0232	WP_004244106.1	MULTISPECIES: DciA family protein [Proteus]	172	refseq	complete	Bacteria>Proteobacteria	Proteus	BProteo_Pmirabilis_WP_004244106.1	DciA	Dna[CI] antecedent, DciA	CL0424	DciA
PF05258	782	WP_004596839	WP_004596839.1	dbd7eb9d59e94d6c96d5dc3560c67bc1	108	Pfam	Dna[CI] antecedent, DciA	12	97	2.4e-09	TRUE	07-01-2022	IPR007922	Protein of unknown function DUF721/UPF0232	WP_004596839.1	DUF721 domain-containing protein [Rickettsia prowazekii]	108	refseq	complete	Bacteria>Proteobacteria	Rickettsia prowazekii	BProteo_Rprowazekii_WP_004596839.1	DciA	Dna[CI] antecedent, DciA	CL0424	DciA
PIRSF007061	782	WP_004596839	WP_004596839.1	dbd7eb9d59e94d6c96d5dc3560c67bc1	108	PIRSF	UCP007061	1	107	1.3e-67	TRUE	07-01-2022	IPR016507	Uncharacterised conserved protein UCP007061	WP_004596839.1	DUF721 domain-containing protein [Rickettsia prowazekii]	108	refseq	complete	Bacteria>Proteobacteria	Rickettsia prowazekii	BProteo_Rprowazekii_WP_004596839.1	UCP007061	NA	NA	UCP007061
PF05258	670	WP_005480837	WP_005480837.1	1a055b4bdbe5c2c1c93d1f1150c7b7ba	151	Pfam	Dna[CI] antecedent, DciA	11	85	7.0E-13	TRUE	07-01-2022	IPR007922	Protein of unknown function DUF721/UPF0232	WP_005480837.1	DciA family protein [Vibrio parahaemolyticus]	151	refseq	complete	Bacteria>Proteobacteria	Vibrio parahaemolyticus	BProteo_Vparahaemolyticus_WP_005480837.1	DciA	Dna[CI] antecedent, DciA	CL0424	DciA
mobidb-lite	670	WP_005480837	WP_005480837.1	1a055b4bdbe5c2c1c93d1f1150c7b7ba	151	MobiDBLite	consensus disorder prediction	105	132	-	TRUE	07-01-2022	NA	NA	WP_005480837.1	DciA family protein [Vibrio parahaemolyticus]	151	refseq	complete	Bacteria>Proteobacteria	Vibrio parahaemolyticus	BProteo_Vparahaemolyticus_WP_005480837.1	consensus disorder prediction	NA	NA	consensus disorder prediction
PF05258	727	WP_005693258	WP_005693258.1	79f4b96500f0d1c9ea12fd23aab76ef0	104	Pfam	Dna[CI] antecedent, DciA	14	93	7.4e-08	TRUE	07-01-2022	IPR007922	Protein of unknown function DUF721/UPF0232	WP_005693258.1	DUF721 domain-containing protein [Haemophilus influenzae]	104	refseq	complete	Bacteria>Proteobacteria	Haemophilus influenzae	BProteo_Hinfluenzae_WP_005693258.1	DciA	Dna[CI] antecedent, DciA	CL0424	DciA
PF05258	859	WP_005956359	WP_005956359.1	ccead3136e34abf0bf917360f64668c3	99	Pfam	Dna[CI] antecedent, DciA	13	85	2.9e-09	TRUE	07-01-2022	IPR007922	Protein of unknown function DUF721/UPF0232	WP_005956359.1	DUF721 domain-containing protein [Fusobacterium necrophorum]	99	refseq	complete	Bacteria>Fusobacteria	Fusobacterium necrophorum	BFusoba_Fnecrophorum_WP_005956359.1	DciA	Dna[CI] antecedent, DciA	CL0424	DciA
PF05258	83552	WP_006340294	WP_006340294.1	fe52fce9f98a7a606be36de73f3c970d	112	Pfam	Dna[CI] antecedent, DciA	22	109	1.5e-12	TRUE	07-01-2022	IPR007922	Protein of unknown function DUF721/UPF0232	WP_006340294.1	DUF721 domain-containing protein [Parachlamydia acanthamoebae]	112	refseq	complete	Bacteria>Chlamydiae	Parachlamydia acanthamoebae	BChlamy_Pacanthamoebae_WP_006340294.1	DciA	Dna[CI] antecedent, DciA	CL0424	DciA
MF_00630	152794	WP_006768689	WP_006768689.1	6217c20285306dfc15e9eed28cc108e0	193	Hamap	UPF0232 protein <locus_tag>.	10	180	34.227	TRUE	07-01-2022	IPR023007	Uncharacterised protein family UPF0232, actinobacteria	WP_006768689.1	DUF721 domain-containing protein [Corynebacterium efficiens]	193	refseq	complete	Bacteria>Actinobacteria	Corynebacterium efficiens	BActino_Cefficiens_WP_006768689.1	UPF0232 protein <locus_tag>.	NA	NA	UPF0232 protein <locus_tag>.
PF05258	152794	WP_006768689	WP_006768689.1	6217c20285306dfc15e9eed28cc108e0	193	Pfam	Dna[CI] antecedent, DciA	81	168	1.8E-23	TRUE	07-01-2022	IPR007922	Protein of unknown function DUF721/UPF0232	WP_006768689.1	DUF721 domain-containing protein [Corynebacterium efficiens]	193	refseq	complete	Bacteria>Actinobacteria	Corynebacterium efficiens	BActino_Cefficiens_WP_006768689.1	DciA	Dna[CI] antecedent, DciA	CL0424	DciA
PTHR36456	152794	WP_006768689	WP_006768689.1	6217c20285306dfc15e9eed28cc108e0	193	PANTHER	UPF0232 PROTEIN SCO3875	78	193	4.3E-27	TRUE	07-01-2022	NA	NA	WP_006768689.1	DUF721 domain-containing protein [Corynebacterium efficiens]	193	refseq	complete	Bacteria>Actinobacteria	Corynebacterium efficiens	BActino_Cefficiens_WP_006768689.1	UPF0232 PROTEIN SCO3875	UPF0232 PROTEIN SCO3875	NA	UPF0232 PROTEIN SCO3875
mobidb-lite	152794	WP_006768689	WP_006768689.1	6217c20285306dfc15e9eed28cc108e0	193	MobiDBLite	consensus disorder prediction	17	74	-	TRUE	07-01-2022	NA	NA	WP_006768689.1	DUF721 domain-containing protein [Corynebacterium efficiens]	193	refseq	complete	Bacteria>Actinobacteria	Corynebacterium efficiens	BActino_Cefficiens_WP_006768689.1	consensus disorder prediction	NA	NA	consensus disorder prediction
mobidb-lite	152794	WP_006768689	WP_006768689.1	6217c20285306dfc15e9eed28cc108e0	193	MobiDBLite	consensus disorder prediction	17	40	-	TRUE	07-01-2022	NA	NA	WP_006768689.1	DUF721 domain-containing protein [Corynebacterium efficiens]	193	refseq	complete	Bacteria>Actinobacteria	Corynebacterium efficiens	BActino_Cefficiens_WP_006768689.1	consensus disorder prediction	NA	NA	consensus disorder prediction
MF_00630	216816	WP_008783054	WP_008783054.1	6cdfae05c7da8c7eb006d460e5669abb	156	Hamap	UPF0232 protein <locus_tag>.	3	156	27.731	TRUE	07-01-2022	IPR023007	Uncharacterised protein family UPF0232, actinobacteria	WP_008783054.1	DUF721 domain-containing protein [Bifidobacterium longum]	156	refseq	complete	Bacteria>Actinobacteria	Bifidobacterium longum	BActino_Blongum_WP_008783054.1	UPF0232 protein <locus_tag>.	NA	NA	UPF0232 protein <locus_tag>.
PF05258	216816	WP_008783054	WP_008783054.1	6cdfae05c7da8c7eb006d460e5669abb	156	Pfam	Dna[CI] antecedent, DciA	55	141	1.1e-21	TRUE	07-01-2022	IPR007922	Protein of unknown function DUF721/UPF0232	WP_008783054.1	DUF721 domain-containing protein [Bifidobacterium longum]	156	refseq	complete	Bacteria>Actinobacteria	Bifidobacterium longum	BActino_Blongum_WP_008783054.1	DciA	Dna[CI] antecedent, DciA	CL0424	DciA
PTHR36456	216816	WP_008783054	WP_008783054.1	6cdfae05c7da8c7eb006d460e5669abb	156	PANTHER	UPF0232 PROTEIN SCO3875	49	147	2.5e-19	TRUE	07-01-2022	NA	NA	WP_008783054.1	DUF721 domain-containing protein [Bifidobacterium longum]	156	refseq	complete	Bacteria>Actinobacteria	Bifidobacterium longum	BActino_Blongum_WP_008783054.1	UPF0232 PROTEIN SCO3875	UPF0232 PROTEIN SCO3875	NA	UPF0232 PROTEIN SCO3875
MF_00630	1827	WP_009476748	WP_009476748.1	a67220ea9d66fd6a67282e607a7a0807	188	Hamap	UPF0232 protein <locus_tag>.	3	175	31.765	TRUE	07-01-2022	IPR023007	Uncharacterised protein family UPF0232, actinobacteria	WP_009476748.1	MULTISPECIES: DUF721 family protein [Rhodococcus]	188	refseq	complete	Bacteria>Actinobacteria	Rhodococcus	BActino_Rjostii_WP_009476748.1	UPF0232 protein <locus_tag>.	NA	NA	UPF0232 protein <locus_tag>.
PF05258	1827	WP_009476748	WP_009476748.1	a67220ea9d66fd6a67282e607a7a0807	188	Pfam	Dna[CI] antecedent, DciA	77	163	1.9E-24	TRUE	07-01-2022	IPR007922	Protein of unknown function DUF721/UPF0232	WP_009476748.1	MULTISPECIES: DUF721 family protein [Rhodococcus]	188	refseq	complete	Bacteria>Actinobacteria	Rhodococcus	BActino_Rjostii_WP_009476748.1	DciA	Dna[CI] antecedent, DciA	CL0424	DciA
PTHR36456	1827	WP_009476748	WP_009476748.1	a67220ea9d66fd6a67282e607a7a0807	188	PANTHER	UPF0232 PROTEIN SCO3875	68	188	3.1E-31	TRUE	07-01-2022	NA	NA	WP_009476748.1	MULTISPECIES: DUF721 family protein [Rhodococcus]	188	refseq	complete	Bacteria>Actinobacteria	Rhodococcus	BActino_Rjostii_WP_009476748.1	UPF0232 PROTEIN SCO3875	UPF0232 PROTEIN SCO3875	NA	UPF0232 PROTEIN SCO3875
mobidb-lite	1827	WP_009476748	WP_009476748.1	a67220ea9d66fd6a67282e607a7a0807	188	MobiDBLite	consensus disorder prediction	168	188	-	TRUE	07-01-2022	NA	NA	WP_009476748.1	MULTISPECIES: DUF721 family protein [Rhodococcus]	188	refseq	complete	Bacteria>Actinobacteria	Rhodococcus	BActino_Rjostii_WP_009476748.1	consensus disorder prediction	NA	NA	consensus disorder prediction
mobidb-lite	1827	WP_009476748	WP_009476748.1	a67220ea9d66fd6a67282e607a7a0807	188	MobiDBLite	consensus disorder prediction	172	188	-	TRUE	07-01-2022	NA	NA	WP_009476748.1	MULTISPECIES: DUF721 family protein [Rhodococcus]	188	refseq	complete	Bacteria>Actinobacteria	Rhodococcus	BActino_Rjostii_WP_009476748.1	consensus disorder prediction	NA	NA	consensus disorder prediction
mobidb-lite	1827	WP_009476748	WP_009476748.1	a67220ea9d66fd6a67282e607a7a0807	188	MobiDBLite	consensus disorder prediction	1	20	-	TRUE	07-01-2022	NA	NA	WP_009476748.1	MULTISPECIES: DUF721 family protein [Rhodococcus]	188	refseq	complete	Bacteria>Actinobacteria	Rhodococcus	BActino_Rjostii_WP_009476748.1	consensus disorder prediction	NA	NA	consensus disorder prediction
mobidb-lite	1827	WP_009476748	WP_009476748.1	a67220ea9d66fd6a67282e607a7a0807	188	MobiDBLite	consensus disorder prediction	31	76	-	TRUE	07-01-2022	NA	NA	WP_009476748.1	MULTISPECIES: DUF721 family protein [Rhodococcus]	188	refseq	complete	Bacteria>Actinobacteria	Rhodococcus	BActino_Rjostii_WP_009476748.1	consensus disorder prediction	NA	NA	consensus disorder prediction
PF05258	813	WP_009871537	WP_009871537.1	c2bd640a3ff1fbc4cf15386a0d3395c2	116	Pfam	Dna[CI] antecedent, DciA	41	113	1e-09	TRUE	07-01-2022	IPR007922	Protein of unknown function DUF721/UPF0232	WP_009871537.1	DUF721 domain-containing protein [Chlamydia trachomatis]	116	refseq	complete	Bacteria>Chlamydiae	Chlamydia trachomatis	BChlamy_Ctrachomatis_WP_009871537.1	DciA	Dna[CI] antecedent, DciA	CL0424	DciA
PF05258	160	WP_010881454	WP_010881454.1	71f737099a0da92d60998d4589fbe242	145	Pfam	Dna[CI] antecedent, DciA	29	90	2.4E-12	TRUE	07-01-2022	IPR007922	Protein of unknown function DUF721/UPF0232	WP_010881454.1	DUF721 domain-containing protein [Treponema pallidum]	145	refseq	complete	Bacteria>Spirochaetes	Treponema pallidum	BSpiroc_Tpallidum_WP_010881454.1	DciA	Dna[CI] antecedent, DciA	CL0424	DciA
mobidb-lite	160	WP_010881454	WP_010881454.1	71f737099a0da92d60998d4589fbe242	145	MobiDBLite	consensus disorder prediction	95	119	-	TRUE	07-01-2022	NA	NA	WP_010881454.1	DUF721 domain-containing protein [Treponema pallidum]	145	refseq	complete	Bacteria>Spirochaetes	Treponema pallidum	BSpiroc_Tpallidum_WP_010881454.1	consensus disorder prediction	NA	NA	consensus disorder prediction
mobidb-lite	160	WP_010881454	WP_010881454.1	71f737099a0da92d60998d4589fbe242	145	MobiDBLite	consensus disorder prediction	95	117	-	TRUE	07-01-2022	NA	NA	WP_010881454.1	DUF721 domain-containing protein [Treponema pallidum]	145	refseq	complete	Bacteria>Spirochaetes	Treponema pallidum	BSpiroc_Tpallidum_WP_010881454.1	consensus disorder prediction	NA	NA	consensus disorder prediction
PF05258	446	WP_010948302	WP_010948302.1	578a54227721f998d81f177bb9acf2df	140	Pfam	Dna[CI] antecedent, DciA	3	89	6.2e-13	TRUE	07-01-2022	IPR007922	Protein of unknown function DUF721/UPF0232	WP_010948302.1	DUF721 domain-containing protein [Legionella pneumophila]	140	refseq	complete	Bacteria>Proteobacteria	Legionella pneumophila	BProteo_Lpneumophila_WP_010948302.1	DciA	Dna[CI] antecedent, DciA	CL0424	DciA
PF05258	777	WP_010957403	WP_010957403.1	33afd34677b64b85d3c23f663b3143ab	114	Pfam	Dna[CI] antecedent, DciA	36	101	5.2e-12	TRUE	07-01-2022	IPR007922	Protein of unknown function DUF721/UPF0232	WP_010957403.1	DciA family protein [Coxiella burnetii]	114	refseq	complete	Bacteria>Proteobacteria	Coxiella burnetii	BProteo_Cburnetii_WP_010957403.1	DciA	Dna[CI] antecedent, DciA	CL0424	DciA
MF_00630	1883	WP_010985745	WP_010985745.1	67f6ea5c597a96f54a257488f85e8743	181	Hamap	UPF0232 protein <locus_tag>.	2	167	31.289	TRUE	07-01-2022	IPR023007	Uncharacterised protein family UPF0232, actinobacteria	WP_010985745.1	MULTISPECIES: DciA family protein [Streptomyces]	181	refseq	complete	Bacteria>Actinobacteria	Streptomyces	BActino_Savermiltilis_WP_010985745.1	UPF0232 protein <locus_tag>.	NA	NA	UPF0232 protein <locus_tag>.
PF05258	1883	WP_010985745	WP_010985745.1	67f6ea5c597a96f54a257488f85e8743	181	Pfam	Dna[CI] antecedent, DciA	67	155	2.7E-25	TRUE	07-01-2022	IPR007922	Protein of unknown function DUF721/UPF0232	WP_010985745.1	MULTISPECIES: DciA family protein [Streptomyces]	181	refseq	complete	Bacteria>Actinobacteria	Streptomyces	BActino_Savermiltilis_WP_010985745.1	DciA	Dna[CI] antecedent, DciA	CL0424	DciA
PTHR36456	1883	WP_010985745	WP_010985745.1	67f6ea5c597a96f54a257488f85e8743	181	PANTHER	UPF0232 PROTEIN SCO3875	58	181	3.3E-35	TRUE	07-01-2022	NA	NA	WP_010985745.1	MULTISPECIES: DciA family protein [Streptomyces]	181	refseq	complete	Bacteria>Actinobacteria	Streptomyces	BActino_Savermiltilis_WP_010985745.1	UPF0232 PROTEIN SCO3875	UPF0232 PROTEIN SCO3875	NA	UPF0232 PROTEIN SCO3875
mobidb-lite	1883	WP_010985745	WP_010985745.1	67f6ea5c597a96f54a257488f85e8743	181	MobiDBLite	consensus disorder prediction	1	61	-	TRUE	07-01-2022	NA	NA	WP_010985745.1	MULTISPECIES: DciA family protein [Streptomyces]	181	refseq	complete	Bacteria>Actinobacteria	Streptomyces	BActino_Savermiltilis_WP_010985745.1	consensus disorder prediction	NA	NA	consensus disorder prediction
mobidb-lite	1883	WP_010985745	WP_010985745.1	67f6ea5c597a96f54a257488f85e8743	181	MobiDBLite	consensus disorder prediction	29	57	-	TRUE	07-01-2022	NA	NA	WP_010985745.1	MULTISPECIES: DciA family protein [Streptomyces]	181	refseq	complete	Bacteria>Actinobacteria	Streptomyces	BActino_Savermiltilis_WP_010985745.1	consensus disorder prediction	NA	NA	consensus disorder prediction
mobidb-lite	1883	WP_010985745	WP_010985745.1	67f6ea5c597a96f54a257488f85e8743	181	MobiDBLite	consensus disorder prediction	157	181	-	TRUE	07-01-2022	NA	NA	WP_010985745.1	MULTISPECIES: DciA family protein [Streptomyces]	181	refseq	complete	Bacteria>Actinobacteria	Streptomyces	BActino_Savermiltilis_WP_010985745.1	consensus disorder prediction	NA	NA	consensus disorder prediction
PF05258	33072	WP_011141578	WP_011141578.1	b7b4b250be930608332670eba221185c	180	Pfam	Dna[CI] antecedent, DciA	5	93	6e-23	TRUE	07-01-2022	IPR007922	Protein of unknown function DUF721/UPF0232	WP_011141578.1	DUF721 domain-containing protein [Gloeobacter violaceus]	180	refseq	complete	Bacteria>Cyanobacteria	Gloeobacter violaceus	BCyanob_Gviolaceus_WP_011141578.1	DciA	Dna[CI] antecedent, DciA	CL0424	DciA
PTHR36456	33072	WP_011141578	WP_011141578.1	b7b4b250be930608332670eba221185c	180	PANTHER	UPF0232 PROTEIN SCO3875	1	164	5.5e-44	TRUE	07-01-2022	NA	NA	WP_011141578.1	DUF721 domain-containing protein [Gloeobacter violaceus]	180	refseq	complete	Bacteria>Cyanobacteria	Gloeobacter violaceus	BCyanob_Gviolaceus_WP_011141578.1	UPF0232 PROTEIN SCO3875	UPF0232 PROTEIN SCO3875	NA	UPF0232 PROTEIN SCO3875
PF05258	959	WP_011165754	WP_011165754.1	b6ac84035ba760be62697ff088f23609	131	Pfam	Dna[CI] antecedent, DciA	15	102	1.8e-23	TRUE	07-01-2022	IPR007922	Protein of unknown function DUF721/UPF0232	WP_011165754.1	DUF721 domain-containing protein [Bdellovibrio bacteriovorus]	131	refseq	complete	Bacteria>Proteobacteria	Bdellovibrio bacteriovorus	BProteo_Bbacteriovorus_WP_011165754.1	DciA	Dna[CI] antecedent, DciA	CL0424	DciA
PTHR36456	959	WP_011165754	WP_011165754.1	b6ac84035ba760be62697ff088f23609	131	PANTHER	UPF0232 PROTEIN SCO3875	16	114	1.5e-14	TRUE	07-01-2022	NA	NA	WP_011165754.1	DUF721 domain-containing protein [Bdellovibrio bacteriovorus]	131	refseq	complete	Bacteria>Proteobacteria	Bdellovibrio bacteriovorus	BProteo_Bbacteriovorus_WP_011165754.1	UPF0232 PROTEIN SCO3875	UPF0232 PROTEIN SCO3875	NA	UPF0232 PROTEIN SCO3875
PF05258	38323	WP_011180388	WP_011180388.1	ee1b5c58df3731e81fdd9b5c896d7f75	166	Pfam	Dna[CI] antecedent, DciA	12	110	3.7e-16	TRUE	07-01-2022	IPR007922	Protein of unknown function DUF721/UPF0232	WP_011180388.1	DciA family protein [Bartonella henselae]	166	refseq	complete	Bacteria>Proteobacteria	Bartonella henselae	BProteo_Bhenselae_WP_011180388.1	DciA	Dna[CI] antecedent, DciA	CL0424	DciA
PIRSF032064	38323	WP_011180388	WP_011180388.1	ee1b5c58df3731e81fdd9b5c896d7f75	166	PIRSF	UCP032064	1	165	4.2e-51	TRUE	07-01-2022	IPR010593	Protein of unknown function DUF1159	WP_011180388.1	DciA family protein [Bartonella henselae]	166	refseq	complete	Bacteria>Proteobacteria	Bartonella henselae	BProteo_Bhenselae_WP_011180388.1	UCP032064	NA	NA	UCP032064
MF_00630	1772	WP_011726604	WP_011726604.1	1bd5bd25243bd7408b2779c023ad887d	194	Hamap	UPF0232 protein <locus_tag>.	3	181	37.416	TRUE	07-01-2022	IPR023007	Uncharacterised protein family UPF0232, actinobacteria	WP_011726604.1	DNA replication protein DciA [Mycolicibacterium smegmatis]	194	refseq	complete	Bacteria>Actinobacteria	Mycolicibacterium smegmatis	BActino_Msmegmatis_WP_011726604.1	UPF0232 protein <locus_tag>.	NA	NA	UPF0232 protein <locus_tag>.
PF05258	1772	WP_011726604	WP_011726604.1	1bd5bd25243bd7408b2779c023ad887d	194	Pfam	Dna[CI] antecedent, DciA	83	169	1.5E-23	TRUE	07-01-2022	IPR007922	Protein of unknown function DUF721/UPF0232	WP_011726604.1	DNA replication protein DciA [Mycolicibacterium smegmatis]	194	refseq	complete	Bacteria>Actinobacteria	Mycolicibacterium smegmatis	BActino_Msmegmatis_WP_011726604.1	DciA	Dna[CI] antecedent, DciA	CL0424	DciA
PTHR36456	1772	WP_011726604	WP_011726604.1	1bd5bd25243bd7408b2779c023ad887d	194	PANTHER	UPF0232 PROTEIN SCO3875	74	194	2.3E-28	TRUE	07-01-2022	NA	NA	WP_011726604.1	DNA replication protein DciA [Mycolicibacterium smegmatis]	194	refseq	complete	Bacteria>Actinobacteria	Mycolicibacterium smegmatis	BActino_Msmegmatis_WP_011726604.1	UPF0232 PROTEIN SCO3875	UPF0232 PROTEIN SCO3875	NA	UPF0232 PROTEIN SCO3875
mobidb-lite	1772	WP_011726604	WP_011726604.1	1bd5bd25243bd7408b2779c023ad887d	194	MobiDBLite	consensus disorder prediction	1	80	-	TRUE	07-01-2022	NA	NA	WP_011726604.1	DNA replication protein DciA [Mycolicibacterium smegmatis]	194	refseq	complete	Bacteria>Actinobacteria	Mycolicibacterium smegmatis	BActino_Msmegmatis_WP_011726604.1	consensus disorder prediction	NA	NA	consensus disorder prediction
mobidb-lite	1772	WP_011726604	WP_011726604.1	1bd5bd25243bd7408b2779c023ad887d	194	MobiDBLite	consensus disorder prediction	27	47	-	TRUE	07-01-2022	NA	NA	WP_011726604.1	DNA replication protein DciA [Mycolicibacterium smegmatis]	194	refseq	complete	Bacteria>Actinobacteria	Mycolicibacterium smegmatis	BActino_Msmegmatis_WP_011726604.1	consensus disorder prediction	NA	NA	consensus disorder prediction
MF_00630	1809	WP_011738409	WP_011738409.1	bc7f21ed5fd617868f014d18dc18d4a6	187	Hamap	UPF0232 protein <locus_tag>.	3	174	34.121	TRUE	07-01-2022	IPR023007	Uncharacterised protein family UPF0232, actinobacteria	WP_011738409.1	DUF721 family protein [Mycobacterium ulcerans]	187	refseq	complete	Bacteria>Actinobacteria	Mycobacterium ulcerans	BActino_Mulcerans_WP_011738409.1	UPF0232 protein <locus_tag>.	NA	NA	UPF0232 protein <locus_tag>.
PF05258	1809	WP_011738409	WP_011738409.1	bc7f21ed5fd617868f014d18dc18d4a6	187	Pfam	Dna[CI] antecedent, DciA	75	162	6.5E-24	TRUE	07-01-2022	IPR007922	Protein of unknown function DUF721/UPF0232	WP_011738409.1	DUF721 family protein [Mycobacterium ulcerans]	187	refseq	complete	Bacteria>Actinobacteria	Mycobacterium ulcerans	BActino_Mulcerans_WP_011738409.1	DciA	Dna[CI] antecedent, DciA	CL0424	DciA
PTHR36456	1809	WP_011738409	WP_011738409.1	bc7f21ed5fd617868f014d18dc18d4a6	187	PANTHER	UPF0232 PROTEIN SCO3875	67	187	4.5E-35	TRUE	07-01-2022	NA	NA	WP_011738409.1	DUF721 family protein [Mycobacterium ulcerans]	187	refseq	complete	Bacteria>Actinobacteria	Mycobacterium ulcerans	BActino_Mulcerans_WP_011738409.1	UPF0232 PROTEIN SCO3875	UPF0232 PROTEIN SCO3875	NA	UPF0232 PROTEIN SCO3875
mobidb-lite	1809	WP_011738409	WP_011738409.1	bc7f21ed5fd617868f014d18dc18d4a6	187	MobiDBLite	consensus disorder prediction	167	187	-	TRUE	07-01-2022	NA	NA	WP_011738409.1	DUF721 family protein [Mycobacterium ulcerans]	187	refseq	complete	Bacteria>Actinobacteria	Mycobacterium ulcerans	BActino_Mulcerans_WP_011738409.1	consensus disorder prediction	NA	NA	consensus disorder prediction
mobidb-lite	1809	WP_011738409	WP_011738409.1	bc7f21ed5fd617868f014d18dc18d4a6	187	MobiDBLite	consensus disorder prediction	1	76	-	TRUE	07-01-2022	NA	NA	WP_011738409.1	DUF721 family protein [Mycobacterium ulcerans]	187	refseq	complete	Bacteria>Actinobacteria	Mycobacterium ulcerans	BActino_Mulcerans_WP_011738409.1	consensus disorder prediction	NA	NA	consensus disorder prediction
PF05258	93929	WP_011942798	WP_011942798.1	5c229c34e44035990a3b5c042a8524c5	101	Pfam	Dna[CI] antecedent, DciA	4	90	2.6e-22	TRUE	07-01-2022	IPR007922	Protein of unknown function DUF721/UPF0232	WP_011942798.1	DciA family protein [Thermotoga petrophila]	101	refseq	complete	Bacteria>Thermotogae	Thermotoga petrophila	BThermo_Tpetrophila_WP_011942798.1	DciA	Dna[CI] antecedent, DciA	CL0424	DciA
PTHR36456	93929	WP_011942798	WP_011942798.1	5c229c34e44035990a3b5c042a8524c5	101	PANTHER	UPF0232 PROTEIN SCO3875	4	98	7.2e-27	TRUE	07-01-2022	NA	NA	WP_011942798.1	DciA family protein [Thermotoga petrophila]	101	refseq	complete	Bacteria>Thermotogae	Thermotoga petrophila	BThermo_Tpetrophila_WP_011942798.1	UPF0232 PROTEIN SCO3875	UPF0232 PROTEIN SCO3875	NA	UPF0232 PROTEIN SCO3875
PF05258	67854	WP_012073745	WP_012073745.1	74cdc3b1a29fbbf1e20eca9ab2add3bf	110	Pfam	Dna[CI] antecedent, DciA	13	97	7.5e-10	TRUE	07-01-2022	IPR007922	Protein of unknown function DUF721/UPF0232	WP_012073745.1	DciA family protein [Actinobacillus succinogenes]	110	refseq	complete	Bacteria>Proteobacteria	Actinobacillus succinogenes	BProteo_Asuccinogenes_WP_012073745.1	DciA	Dna[CI] antecedent, DciA	CL0424	DciA
PF05258	783	WP_012151389	WP_012151389.1	2afe94682c89971e8e91141a09939dee	107	Pfam	Dna[CI] antecedent, DciA	12	98	2.1e-10	TRUE	07-01-2022	IPR007922	Protein of unknown function DUF721/UPF0232	WP_012151389.1	DUF721 domain-containing protein [Rickettsia rickettsii]	107	refseq	complete	Bacteria>Proteobacteria	Rickettsia rickettsii	BProteo_Rrickettsii_WP_012151389.1	DciA	Dna[CI] antecedent, DciA	CL0424	DciA
PIRSF007061	783	WP_012151389	WP_012151389.1	2afe94682c89971e8e91141a09939dee	107	PIRSF	UCP007061	1	107	1.4e-66	TRUE	07-01-2022	IPR016507	Uncharacterised conserved protein UCP007061	WP_012151389.1	DUF721 domain-containing protein [Rickettsia rickettsii]	107	refseq	complete	Bacteria>Proteobacteria	Rickettsia rickettsii	BProteo_Rrickettsii_WP_012151389.1	UCP007061	NA	NA	UCP007061
PF05258	423605	WP_012414187	WP_012414187.1	4e46da9f4f5a7af79498aea03b0f5ad8	98	Pfam	Dna[CI] antecedent, DciA	34	97	0.00017	TRUE	07-01-2022	IPR007922	Protein of unknown function DUF721/UPF0232	WP_012414187.1	DciA family protein [Elusimicrobium minutum]	98	refseq	complete	Bacteria>Elusimicrobia	Elusimicrobium minutum	BElusim_Eminutum_WP_012414187.1	DciA	Dna[CI] antecedent, DciA	CL0424	DciA
PF05258	100716	WP_012499396	WP_012499396.1	f96b7177b281a41055abb86ee243a1a1	97	Pfam	Dna[CI] antecedent, DciA	10	96	2.6e-19	TRUE	07-01-2022	IPR007922	Protein of unknown function DUF721/UPF0232	WP_012499396.1	DUF721 domain-containing protein [Chloroherpeton thalassium]	97	refseq	complete	Bacteria>Chlorobi	Chloroherpeton thalassium	BChloro_Cthalassium_WP_012499396.1	DciA	Dna[CI] antecedent, DciA	CL0424	DciA
PTHR36456	100716	WP_012499396	WP_012499396.1	f96b7177b281a41055abb86ee243a1a1	97	PANTHER	UPF0232 PROTEIN SCO3875	4	96	2.7e-17	TRUE	07-01-2022	NA	NA	WP_012499396.1	DUF721 domain-containing protein [Chloroherpeton thalassium]	97	refseq	complete	Bacteria>Chlorobi	Chloroherpeton thalassium	BChloro_Cthalassium_WP_012499396.1	UPF0232 PROTEIN SCO3875	UPF0232 PROTEIN SCO3875	NA	UPF0232 PROTEIN SCO3875
PF05258	29520	WP_012538193	WP_012538193.1	a358c0200d5b0351f1568ce9c7522390	99	Pfam	Dna[CI] antecedent, DciA	9	96	1.3e-06	TRUE	07-01-2022	IPR007922	Protein of unknown function DUF721/UPF0232	WP_012538193.1	DciA family protein [Borrelia crocidurae]	99	refseq	complete	Bacteria>Spirochaetes	Borrelia crocidurae	BSpiroc_Bcrocidurae_WP_012538193.1	DciA	Dna[CI] antecedent, DciA	CL0424	DciA
PF05258	14	WP_012547832	WP_012547832.1	b29ad314e4fcd5ed58ef03ba70134ef8	160	Pfam	Dna[CI] antecedent, DciA	21	91	1.2e-16	TRUE	07-01-2022	IPR007922	Protein of unknown function DUF721/UPF0232	WP_012547832.1	DUF721 domain-containing protein [Dictyoglomus thermophilum]	160	refseq	complete	Bacteria>Dictyoglomi	Dictyoglomus thermophilum	BDictyo_Dthermophilum_WP_012547832.1	DciA	Dna[CI] antecedent, DciA	CL0424	DciA
PTHR36456	14	WP_012547832	WP_012547832.1	b29ad314e4fcd5ed58ef03ba70134ef8	160	PANTHER	UPF0232 PROTEIN SCO3875	2	157	2.3e-36	TRUE	07-01-2022	NA	NA	WP_012547832.1	DUF721 domain-containing protein [Dictyoglomus thermophilum]	160	refseq	complete	Bacteria>Dictyoglomi	Dictyoglomus thermophilum	BDictyo_Dthermophilum_WP_012547832.1	UPF0232 PROTEIN SCO3875	UPF0232 PROTEIN SCO3875	NA	UPF0232 PROTEIN SCO3875
PF05258	173480	WP_012682303	WP_012682303.1	1443dbdc49100048f8429aac6ab38b70	103	Pfam	Dna[CI] antecedent, DciA	12	98	8.1e-18	TRUE	07-01-2022	IPR007922	Protein of unknown function DUF721/UPF0232	WP_012682303.1	DUF721 domain-containing protein [Gemmatimonas aurantiaca]	103	refseq	complete	Bacteria>Gemmatimonadetes	Gemmatimonas aurantiaca	BGemmat_Gaurantiaca_WP_012682303.1	DciA	Dna[CI] antecedent, DciA	CL0424	DciA
PTHR36456	173480	WP_012682303	WP_012682303.1	1443dbdc49100048f8429aac6ab38b70	103	PANTHER	UPF0232 PROTEIN SCO3875	3	99	3.2e-17	TRUE	07-01-2022	NA	NA	WP_012682303.1	DUF721 domain-containing protein [Gemmatimonas aurantiaca]	103	refseq	complete	Bacteria>Gemmatimonadetes	Gemmatimonas aurantiaca	BGemmat_Gaurantiaca_WP_012682303.1	UPF0232 PROTEIN SCO3875	UPF0232 PROTEIN SCO3875	NA	UPF0232 PROTEIN SCO3875
Coil	118000	WP_013009384	WP_013009384.1	ad7ea91ac4e5631f91c6e419cbbbea96	147	Coils	Coil	102	122	-	TRUE	07-01-2022	NA	NA	WP_013009384.1	DUF721 domain-containing protein [Denitrovibrio acetiphilus]	147	refseq	complete	Bacteria>Deferribacteres	Denitrovibrio acetiphilus	BDeferr_Dacetiphilus_WP_013009384.1	Coil	NA	NA	Coil
PF05258	118000	WP_013009384	WP_013009384.1	ad7ea91ac4e5631f91c6e419cbbbea96	147	Pfam	Dna[CI] antecedent, DciA	21	84	1.4E-9	TRUE	07-01-2022	IPR007922	Protein of unknown function DUF721/UPF0232	WP_013009384.1	DUF721 domain-containing protein [Denitrovibrio acetiphilus]	147	refseq	complete	Bacteria>Deferribacteres	Denitrovibrio acetiphilus	BDeferr_Dacetiphilus_WP_013009384.1	DciA	Dna[CI] antecedent, DciA	CL0424	DciA
NON_CYTOPLASMIC_DOMAIN	269261	WP_013553388	WP_013553388.1	5f4c3435edad9d4775ed549d5fb22fa5	153	Phobius	Region of a membrane-bound protein predicted to be outside the membrane, in the extracellular region.	17	153	-	TRUE	07-01-2022	NA	NA	WP_013553388.1	DciA family protein [Nitratifractor salsuginis]	153	refseq	complete	Bacteria>Proteobacteria	Nitratifractor salsuginis	BProteo_Nsalsuginis_WP_013553388.1	NonCyt	Region of a membrane-bound protein predicted to be outside the membrane, in the extracellular region.	NA	NonCyt
PF05258	269261	WP_013553388	WP_013553388.1	5f4c3435edad9d4775ed549d5fb22fa5	153	Pfam	Dna[CI] antecedent, DciA	6	75	8.5E-5	TRUE	07-01-2022	IPR007922	Protein of unknown function DUF721/UPF0232	WP_013553388.1	DciA family protein [Nitratifractor salsuginis]	153	refseq	complete	Bacteria>Proteobacteria	Nitratifractor salsuginis	BProteo_Nsalsuginis_WP_013553388.1	DciA	Dna[CI] antecedent, DciA	CL0424	DciA
SIGNAL_PEPTIDE	269261	WP_013553388	WP_013553388.1	5f4c3435edad9d4775ed549d5fb22fa5	153	Phobius	Signal peptide region	1	16	-	TRUE	07-01-2022	NA	NA	WP_013553388.1	DciA family protein [Nitratifractor salsuginis]	153	refseq	complete	Bacteria>Proteobacteria	Nitratifractor salsuginis	BProteo_Nsalsuginis_WP_013553388.1	SigP	Signal peptide region	NA	SigP
SIGNAL_PEPTIDE_C_REGION	269261	WP_013553388	WP_013553388.1	5f4c3435edad9d4775ed549d5fb22fa5	153	Phobius	C-terminal region of a signal peptide.	13	16	-	TRUE	07-01-2022	NA	NA	WP_013553388.1	DciA family protein [Nitratifractor salsuginis]	153	refseq	complete	Bacteria>Proteobacteria	Nitratifractor salsuginis	BProteo_Nsalsuginis_WP_013553388.1	SigP_Cterm	C-terminal region of a signal peptide.	NA	SigP_Cterm
SIGNAL_PEPTIDE_H_REGION	269261	WP_013553388	WP_013553388.1	5f4c3435edad9d4775ed549d5fb22fa5	153	Phobius	Hydrophobic region of a signal peptide.	7	12	-	TRUE	07-01-2022	NA	NA	WP_013553388.1	DciA family protein [Nitratifractor salsuginis]	153	refseq	complete	Bacteria>Proteobacteria	Nitratifractor salsuginis	BProteo_Nsalsuginis_WP_013553388.1	SigP_H	Hydrophobic region of a signal peptide.	NA	SigP_H
SIGNAL_PEPTIDE_N_REGION	269261	WP_013553388	WP_013553388.1	5f4c3435edad9d4775ed549d5fb22fa5	153	Phobius	N-terminal region of a signal peptide.	1	6	-	TRUE	07-01-2022	NA	NA	WP_013553388.1	DciA family protein [Nitratifractor salsuginis]	153	refseq	complete	Bacteria>Proteobacteria	Nitratifractor salsuginis	BProteo_Nsalsuginis_WP_013553388.1	SigP_Nterm	N-terminal region of a signal peptide.	NA	SigP_Nterm
PF05258	421	WP_013816973	WP_013816973.1	0f17932d8c862d7fe6553ff966504471	154	Pfam	Dna[CI] antecedent, DciA	23	90	9.7e-09	TRUE	07-01-2022	IPR007922	Protein of unknown function DUF721/UPF0232	WP_013816973.1	DciA family protein [Methylomonas methanica]	154	refseq	complete	Bacteria>Proteobacteria	Methylomonas methanica	BProteo_Mmethanica_WP_013816973.1	DciA	Dna[CI] antecedent, DciA	CL0424	DciA
PF05258	147268	WP_013834763	WP_013834763.1	c814d82edbac92bb5d91b7176cfe786f	143	Pfam	Dna[CI] antecedent, DciA	15	79	1.6e-06	TRUE	07-01-2022	IPR007922	Protein of unknown function DUF721/UPF0232	WP_013834763.1	DciA family protein [Thiomicrospira cyclica]	143	refseq	complete	Bacteria>Proteobacteria	Thiomicrospira cyclica	BProteo_Tcyclica_WP_013834763.1	DciA	Dna[CI] antecedent, DciA	CL0424	DciA
PF05258	171695	WP_013908751	WP_013908751.1	4c11a9b5249e697adddb629401a9b11c	159	Pfam	Dna[CI] antecedent, DciA	4	90	3.9e-21	TRUE	07-01-2022	IPR007922	Protein of unknown function DUF721/UPF0232	WP_013908751.1	DUF721 domain-containing protein [Thermodesulfatator indicus]	159	refseq	complete	Bacteria>Thermodesulfobacteria	Thermodesulfatator indicus	BThermo_Tindicus_WP_013908751.1	DciA	Dna[CI] antecedent, DciA	CL0424	DciA
PTHR36456	171695	WP_013908751	WP_013908751.1	4c11a9b5249e697adddb629401a9b11c	159	PANTHER	UPF0232 PROTEIN SCO3875	3	145	1.7e-20	TRUE	07-01-2022	NA	NA	WP_013908751.1	DUF721 domain-containing protein [Thermodesulfatator indicus]	159	refseq	complete	Bacteria>Thermodesulfobacteria	Thermodesulfatator indicus	BThermo_Tindicus_WP_013908751.1	UPF0232 PROTEIN SCO3875	UPF0232 PROTEIN SCO3875	NA	UPF0232 PROTEIN SCO3875
PF05258	68287	WP_015318768	WP_015318768.1	80a01ba0ba3e0a5938bf33b493882ff7	166	Pfam	Dna[CI] antecedent, DciA	12	110	2.2e-19	TRUE	07-01-2022	IPR007922	Protein of unknown function DUF721/UPF0232	WP_015318768.1	MULTISPECIES: DUF721 domain-containing protein [Mesorhizobium]	166	refseq	complete	Bacteria>Proteobacteria	Mesorhizobium	BProteo_Maustralicum_WP_015318768.1	DciA	Dna[CI] antecedent, DciA	CL0424	DciA
PIRSF032064	68287	WP_015318768	WP_015318768.1	80a01ba0ba3e0a5938bf33b493882ff7	166	PIRSF	UCP032064	1	166	3.4e-73	TRUE	07-01-2022	IPR010593	Protein of unknown function DUF1159	WP_015318768.1	MULTISPECIES: DUF721 domain-containing protein [Mesorhizobium]	166	refseq	complete	Bacteria>Proteobacteria	Mesorhizobium	BProteo_Maustralicum_WP_015318768.1	UCP032064	NA	NA	UCP032064
PF05258	651822	WP_015556932	WP_015556932.1	18a71ca1b7faedb6781bd5d904abff0c	176	Pfam	Dna[CI] antecedent, DciA	30	113	4.7E-12	TRUE	07-01-2022	IPR007922	Protein of unknown function DUF721/UPF0232	WP_015556932.1	DUF721 domain-containing protein [Fretibacterium fastidiosum]	176	refseq	complete	Bacteria>Synergistetes	Fretibacterium fastidiosum	BSynerg_Ffastidiosum_WP_015556932.1	DciA	Dna[CI] antecedent, DciA	CL0424	DciA
mobidb-lite	651822	WP_015556932	WP_015556932.1	18a71ca1b7faedb6781bd5d904abff0c	176	MobiDBLite	consensus disorder prediction	1	20	-	TRUE	07-01-2022	NA	NA	WP_015556932.1	DUF721 domain-containing protein [Fretibacterium fastidiosum]	176	refseq	complete	Bacteria>Synergistetes	Fretibacterium fastidiosum	BSynerg_Ffastidiosum_WP_015556932.1	consensus disorder prediction	NA	NA	consensus disorder prediction
mobidb-lite	651822	WP_015556932	WP_015556932.1	18a71ca1b7faedb6781bd5d904abff0c	176	MobiDBLite	consensus disorder prediction	120	139	-	TRUE	07-01-2022	NA	NA	WP_015556932.1	DUF721 domain-containing protein [Fretibacterium fastidiosum]	176	refseq	complete	Bacteria>Synergistetes	Fretibacterium fastidiosum	BSynerg_Ffastidiosum_WP_015556932.1	consensus disorder prediction	NA	NA	consensus disorder prediction
PF05258	666	WP_032481231	WP_032481231.1	ae5d25f42e824ca406868e05199453d4	157	Pfam	Dna[CI] antecedent, DciA	12	90	1.3e-11	TRUE	07-01-2022	IPR007922	Protein of unknown function DUF721/UPF0232	WP_032481231.1	DUF721 domain-containing protein [Vibrio cholerae]	157	refseq	complete	Bacteria>Proteobacteria	Vibrio cholerae	BProteo_Vcholerae_WP_032481231.1	DciA	Dna[CI] antecedent, DciA	CL0424	DciA
PF05258	191610	WP_038603888	WP_038603888.1	d52c78701a8dfb3ead31f21c447ae22d	206	Pfam	Dna[CI] antecedent, DciA	94	181	6.4E-21	TRUE	07-01-2022	IPR007922	Protein of unknown function DUF721/UPF0232	WP_038603888.1	DciA family protein [Corynebacterium atypicum]	206	refseq	complete	Bacteria>Actinobacteria	Corynebacterium atypicum	BActino_Catypicum_WP_038603888.1	DciA	Dna[CI] antecedent, DciA	CL0424	DciA
PTHR36456	191610	WP_038603888	WP_038603888.1	d52c78701a8dfb3ead31f21c447ae22d	206	PANTHER	UPF0232 PROTEIN SCO3875	87	206	1.1E-24	TRUE	07-01-2022	NA	NA	WP_038603888.1	DciA family protein [Corynebacterium atypicum]	206	refseq	complete	Bacteria>Actinobacteria	Corynebacterium atypicum	BActino_Catypicum_WP_038603888.1	UPF0232 PROTEIN SCO3875	UPF0232 PROTEIN SCO3875	NA	UPF0232 PROTEIN SCO3875
mobidb-lite	191610	WP_038603888	WP_038603888.1	d52c78701a8dfb3ead31f21c447ae22d	206	MobiDBLite	consensus disorder prediction	22	82	-	TRUE	07-01-2022	NA	NA	WP_038603888.1	DciA family protein [Corynebacterium atypicum]	206	refseq	complete	Bacteria>Actinobacteria	Corynebacterium atypicum	BActino_Catypicum_WP_038603888.1	consensus disorder prediction	NA	NA	consensus disorder prediction
PF05258	28450	WP_038794713	WP_038794713.1	c0887657c474410c54faddc0d90020ed	159	Pfam	Dna[CI] antecedent, DciA	22	105	1.1e-10	TRUE	07-01-2022	IPR007922	Protein of unknown function DUF721/UPF0232	WP_038794713.1	DUF721 domain-containing protein [Burkholderia pseudomallei]	159	refseq	complete	Bacteria>Proteobacteria	Burkholderia pseudomallei	BProteo_Bpseudomallei_WP_038794713.1	DciA	Dna[CI] antecedent, DciA	CL0424	DciA
PF05258	454194	WP_041976151	WP_041976151.1	86cce2538b6223b4b1be725886e97a2d	158	Pfam	Dna[CI] antecedent, DciA	8	90	3.2e-11	TRUE	07-01-2022	IPR007922	Protein of unknown function DUF721/UPF0232	WP_041976151.1	DUF721 domain-containing protein [Pyrinomonas methylaliphatogenes]	158	refseq	complete	Bacteria>Acidobacteria	Pyrinomonas methylaliphatogenes	BAcidob_Pmethylaliphatogenes_WP_041976151.1	DciA	Dna[CI] antecedent, DciA	CL0424	DciA
PF05258	1134687	WP_045781360	WP_045781360.1	3224d1656d77600491410a23ba391b5a	171	Pfam	Dna[CI] antecedent, DciA	19	97	6.7e-15	TRUE	07-01-2022	IPR007922	Protein of unknown function DUF721/UPF0232	WP_045781360.1	DciA family protein [Klebsiella michiganensis]	171	refseq	complete	Bacteria>Proteobacteria	Klebsiella michiganensis	BProteo_Kmichiganensis_WP_045781360.1	DciA	Dna[CI] antecedent, DciA	CL0424	DciA
PF05258	615	WP_049188024	WP_049188024.1	9fdff08d7c06a88369e207e069d9b482	171	Pfam	Dna[CI] antecedent, DciA	26	98	1.2e-14	TRUE	07-01-2022	IPR007922	Protein of unknown function DUF721/UPF0232	WP_049188024.1	DUF721 domain-containing protein [Serratia marcescens]	171	refseq	complete	Bacteria>Proteobacteria	Serratia marcescens	BProteo_Smarcescens_WP_049188024.1	DciA	Dna[CI] antecedent, DciA	CL0424	DciA
PF05258	29488	WP_049582384	WP_049582384.1	628d6247322607d7ea9a1801ab56281d	172	Pfam	Dna[CI] antecedent, DciA	27	98	6.9e-13	TRUE	07-01-2022	IPR007922	Protein of unknown function DUF721/UPF0232	WP_049582384.1	DciA family protein [Photorhabdus luminescens]	172	refseq	complete	Bacteria>Proteobacteria	Photorhabdus luminescens	BProteo_Pluminescens_WP_049582384.1	DciA	Dna[CI] antecedent, DciA	CL0424	DciA
PF05258	29433	WP_063513593	WP_063513593.1	6872d252b08886899b228f0524ed4458	172	Pfam	Dna[CI] antecedent, DciA	53	108	0.00015	TRUE	07-01-2022	IPR007922	Protein of unknown function DUF721/UPF0232	WP_063513593.1	DciA family protein [Moraxella ovis]	172	refseq	complete	Bacteria>Proteobacteria	Moraxella ovis	BProteo_Movis_WP_063513593.1	DciA	Dna[CI] antecedent, DciA	CL0424	DciA
MF_00630	1718	WP_074493017	WP_074493017.1	68ba2a7c4f5bfca218980374e03f2ff0	178	Hamap	UPF0232 protein <locus_tag>.	7	165	28.22	TRUE	07-01-2022	IPR023007	Uncharacterised protein family UPF0232, actinobacteria	WP_074493017.1	DUF721 domain-containing protein [Corynebacterium glutamicum]	178	refseq	complete	Bacteria>Actinobacteria	Corynebacterium glutamicum	BActino_Cglutamicum_WP_074493017.1	UPF0232 protein <locus_tag>.	NA	NA	UPF0232 protein <locus_tag>.
PF05258	1718	WP_074493017	WP_074493017.1	68ba2a7c4f5bfca218980374e03f2ff0	178	Pfam	Dna[CI] antecedent, DciA	66	153	6.0E-23	TRUE	07-01-2022	IPR007922	Protein of unknown function DUF721/UPF0232	WP_074493017.1	DUF721 domain-containing protein [Corynebacterium glutamicum]	178	refseq	complete	Bacteria>Actinobacteria	Corynebacterium glutamicum	BActino_Cglutamicum_WP_074493017.1	DciA	Dna[CI] antecedent, DciA	CL0424	DciA
PTHR36456	1718	WP_074493017	WP_074493017.1	68ba2a7c4f5bfca218980374e03f2ff0	178	PANTHER	UPF0232 PROTEIN SCO3875	62	178	6.5E-27	TRUE	07-01-2022	NA	NA	WP_074493017.1	DUF721 domain-containing protein [Corynebacterium glutamicum]	178	refseq	complete	Bacteria>Actinobacteria	Corynebacterium glutamicum	BActino_Cglutamicum_WP_074493017.1	UPF0232 PROTEIN SCO3875	UPF0232 PROTEIN SCO3875	NA	UPF0232 PROTEIN SCO3875
mobidb-lite	1718	WP_074493017	WP_074493017.1	68ba2a7c4f5bfca218980374e03f2ff0	178	MobiDBLite	consensus disorder prediction	37	55	-	TRUE	07-01-2022	NA	NA	WP_074493017.1	DUF721 domain-containing protein [Corynebacterium glutamicum]	178	refseq	complete	Bacteria>Actinobacteria	Corynebacterium glutamicum	BActino_Cglutamicum_WP_074493017.1	consensus disorder prediction	NA	NA	consensus disorder prediction
mobidb-lite	1718	WP_074493017	WP_074493017.1	68ba2a7c4f5bfca218980374e03f2ff0	178	MobiDBLite	consensus disorder prediction	16	55	-	TRUE	07-01-2022	NA	NA	WP_074493017.1	DUF721 domain-containing protein [Corynebacterium glutamicum]	178	refseq	complete	Bacteria>Actinobacteria	Corynebacterium glutamicum	BActino_Cglutamicum_WP_074493017.1	consensus disorder prediction	NA	NA	consensus disorder prediction
MF_00630	1773	WP_077585554	WP_077585554.1	cd47c31407e289451fb585b425dc2b1c	187	Hamap	UPF0232 protein <locus_tag>.	1	174	33.719	TRUE	07-01-2022	IPR023007	Uncharacterised protein family UPF0232, actinobacteria	WP_077585554.1	DNA replication protein DciA [Mycobacterium tuberculosis]	187	refseq	complete	Bacteria>Actinobacteria	Mycobacterium tuberculosis	BActino_Mtuberculosis_WP_077585554.1	UPF0232 protein <locus_tag>.	NA	NA	UPF0232 protein <locus_tag>.
PF05258	1773	WP_077585554	WP_077585554.1	cd47c31407e289451fb585b425dc2b1c	187	Pfam	Dna[CI] antecedent, DciA	75	162	1.1E-23	TRUE	07-01-2022	IPR007922	Protein of unknown function DUF721/UPF0232	WP_077585554.1	DNA replication protein DciA [Mycobacterium tuberculosis]	187	refseq	complete	Bacteria>Actinobacteria	Mycobacterium tuberculosis	BActino_Mtuberculosis_WP_077585554.1	DciA	Dna[CI] antecedent, DciA	CL0424	DciA
PTHR36456	1773	WP_077585554	WP_077585554.1	cd47c31407e289451fb585b425dc2b1c	187	PANTHER	UPF0232 PROTEIN SCO3875	67	187	4.2E-38	TRUE	07-01-2022	NA	NA	WP_077585554.1	DNA replication protein DciA [Mycobacterium tuberculosis]	187	refseq	complete	Bacteria>Actinobacteria	Mycobacterium tuberculosis	BActino_Mtuberculosis_WP_077585554.1	UPF0232 PROTEIN SCO3875	UPF0232 PROTEIN SCO3875	NA	UPF0232 PROTEIN SCO3875
mobidb-lite	1773	WP_077585554	WP_077585554.1	cd47c31407e289451fb585b425dc2b1c	187	MobiDBLite	consensus disorder prediction	8	40	-	TRUE	07-01-2022	NA	NA	WP_077585554.1	DNA replication protein DciA [Mycobacterium tuberculosis]	187	refseq	complete	Bacteria>Actinobacteria	Mycobacterium tuberculosis	BActino_Mtuberculosis_WP_077585554.1	consensus disorder prediction	NA	NA	consensus disorder prediction
mobidb-lite	1773	WP_077585554	WP_077585554.1	cd47c31407e289451fb585b425dc2b1c	187	MobiDBLite	consensus disorder prediction	168	187	-	TRUE	07-01-2022	NA	NA	WP_077585554.1	DNA replication protein DciA [Mycobacterium tuberculosis]	187	refseq	complete	Bacteria>Actinobacteria	Mycobacterium tuberculosis	BActino_Mtuberculosis_WP_077585554.1	consensus disorder prediction	NA	NA	consensus disorder prediction
mobidb-lite	1773	WP_077585554	WP_077585554.1	cd47c31407e289451fb585b425dc2b1c	187	MobiDBLite	consensus disorder prediction	1	74	-	TRUE	07-01-2022	NA	NA	WP_077585554.1	DNA replication protein DciA [Mycobacterium tuberculosis]	187	refseq	complete	Bacteria>Actinobacteria	Mycobacterium tuberculosis	BActino_Mtuberculosis_WP_077585554.1	consensus disorder prediction	NA	NA	consensus disorder prediction
PF05258	48467	WP_078816175	WP_078816175.1	39c4f49fad9dc5ee402ddf8bdacada78	141	Pfam	Dna[CI] antecedent, DciA	52	138	1.5e-17	TRUE	07-01-2022	IPR007922	Protein of unknown function DUF721/UPF0232	WP_078816175.1	DUF721 domain-containing protein [Prosthecobacter debontii]	141	refseq	complete	Bacteria>Verrucomicrobia	Prosthecobacter debontii	BVerruc_Pdebontii_WP_078816175.1	DciA	Dna[CI] antecedent, DciA	CL0424	DciA
PTHR36456	48467	WP_078816175	WP_078816175.1	39c4f49fad9dc5ee402ddf8bdacada78	141	PANTHER	UPF0232 PROTEIN SCO3875	54	140	1.2e-13	TRUE	07-01-2022	NA	NA	WP_078816175.1	DUF721 domain-containing protein [Prosthecobacter debontii]	141	refseq	complete	Bacteria>Verrucomicrobia	Prosthecobacter debontii	BVerruc_Pdebontii_WP_078816175.1	UPF0232 PROTEIN SCO3875	UPF0232 PROTEIN SCO3875	NA	UPF0232 PROTEIN SCO3875
PF05258	747	WP_083003370	WP_083003370.1	76a4deef77af6437c933eb01adfd5e6b	101	Pfam	Dna[CI] antecedent, DciA	12	93	2.1e-11	TRUE	07-01-2022	IPR007922	Protein of unknown function DUF721/UPF0232	WP_083003370.1	DUF721 domain-containing protein [Pasteurella multocida]	101	refseq	complete	Bacteria>Proteobacteria	Pasteurella multocida	BProteo_Pmultocida_WP_083003370.1	DciA	Dna[CI] antecedent, DciA	CL0424	DciA
PF05258	28122	WP_083545550	WP_083545550.1	5826aa658335247854119e4790f0ced8	113	Pfam	Dna[CI] antecedent, DciA	29	112	1.5e-12	TRUE	07-01-2022	IPR007922	Protein of unknown function DUF721/UPF0232	WP_083545550.1	DUF721 domain-containing protein [Fibrobacter intestinalis]	113	refseq	complete	Bacteria>Fibrobacteres	Fibrobacter intestinalis	BFibrob_Fintestinalis_WP_083545550.1	DciA	Dna[CI] antecedent, DciA	CL0424	DciA
PF05258	1576369	WP_092049429	WP_092049429.1	24b2bbd587c070a3906c65134321a440	116	Pfam	Dna[CI] antecedent, DciA	20	107	7.8e-10	TRUE	07-01-2022	IPR007922	Protein of unknown function DUF721/UPF0232	WP_092049429.1	DUF721 domain-containing protein [Planctomicrobium piriforme]	116	refseq	complete	Bacteria>Planctomycetes	Planctomicrobium piriforme	BPlanct_Ppiriforme_WP_092049429.1	DciA	Dna[CI] antecedent, DciA	CL0424	DciA
PTHR36456	1576369	WP_092049429	WP_092049429.1	24b2bbd587c070a3906c65134321a440	116	PANTHER	UPF0232 PROTEIN SCO3875	13	109	6.3e-12	TRUE	07-01-2022	NA	NA	WP_092049429.1	DUF721 domain-containing protein [Planctomicrobium piriforme]	116	refseq	complete	Bacteria>Planctomycetes	Planctomicrobium piriforme	BPlanct_Ppiriforme_WP_092049429.1	UPF0232 PROTEIN SCO3875	UPF0232 PROTEIN SCO3875	NA	UPF0232 PROTEIN SCO3875
PF05258	69666	WP_099620986	WP_099620986.1	f5ba968d81c84bf3cb6fb352e0091f7f	182	Pfam	Dna[CI] antecedent, DciA	37	122	3.6e-14	TRUE	07-01-2022	IPR007922	Protein of unknown function DUF721/UPF0232	WP_099620986.1	DciA family protein [Caulobacter mirabilis]	182	refseq	complete	Bacteria>Proteobacteria	Caulobacter mirabilis	BProteo_Cmirabilis_WP_099620986.1	DciA	Dna[CI] antecedent, DciA	CL0424	DciA
PIRSF032064	69666	WP_099620986	WP_099620986.1	f5ba968d81c84bf3cb6fb352e0091f7f	182	PIRSF	UCP032064	3	180	8e-40	TRUE	07-01-2022	IPR010593	Protein of unknown function DUF1159	WP_099620986.1	DciA family protein [Caulobacter mirabilis]	182	refseq	complete	Bacteria>Proteobacteria	Caulobacter mirabilis	BProteo_Cmirabilis_WP_099620986.1	UCP032064	NA	NA	UCP032064
PF05258	863522	WP_103932439	WP_103932439.1	ca6251d50683a60e6130c5fbb232ac5e	104	Pfam	Dna[CI] antecedent, DciA	20	88	3e-06	TRUE	07-01-2022	IPR007922	Protein of unknown function DUF721/UPF0232	WP_103932439.1	DciA family protein [Bryocella elongata]	104	refseq	complete	Bacteria>Acidobacteria	Bryocella elongata	BAcidob_Belongata_WP_103932439.1	DciA	Dna[CI] antecedent, DciA	CL0424	DciA
PF05258	1691	WP_110444323	WP_110444323.1	2aa2425c36f3720d206840a9b04fa9ce	165	Pfam	Dna[CI] antecedent, DciA	55	140	8.5e-21	TRUE	07-01-2022	IPR007922	Protein of unknown function DUF721/UPF0232	WP_110444323.1	DciA family protein [Bifidobacterium indicum]	165	refseq	complete	Bacteria>Actinobacteria	Bifidobacterium indicum	BActino_Bindicum_WP_110444323.1	DciA	Dna[CI] antecedent, DciA	CL0424	DciA
PTHR36456	1691	WP_110444323	WP_110444323.1	2aa2425c36f3720d206840a9b04fa9ce	165	PANTHER	UPF0232 PROTEIN SCO3875	49	161	2.1e-17	TRUE	07-01-2022	NA	NA	WP_110444323.1	DciA family protein [Bifidobacterium indicum]	165	refseq	complete	Bacteria>Actinobacteria	Bifidobacterium indicum	BActino_Bindicum_WP_110444323.1	UPF0232 PROTEIN SCO3875	UPF0232 PROTEIN SCO3875	NA	UPF0232 PROTEIN SCO3875
PF05258	28129	WP_118866996	WP_118866996.1	46763cb8f69cfca6d3016130814af644	96	Pfam	Dna[CI] antecedent, DciA	8	95	6.7e-17	TRUE	07-01-2022	IPR007922	Protein of unknown function DUF721/UPF0232	WP_118866996.1	DUF721 domain-containing protein [Prevotella denticola]	96	refseq	complete	Bacteria>Bacteroidetes	Prevotella denticola	BBacter_Pdenticola_WP_118866996.1	DciA	Dna[CI] antecedent, DciA	CL0424	DciA
PTHR36456	28129	WP_118866996	WP_118866996.1	46763cb8f69cfca6d3016130814af644	96	PANTHER	UPF0232 PROTEIN SCO3875	3	95	5.1e-15	TRUE	07-01-2022	NA	NA	WP_118866996.1	DUF721 domain-containing protein [Prevotella denticola]	96	refseq	complete	Bacteria>Bacteroidetes	Prevotella denticola	BBacter_Pdenticola_WP_118866996.1	UPF0232 PROTEIN SCO3875	UPF0232 PROTEIN SCO3875	NA	UPF0232 PROTEIN SCO3875
PF05258	2518971	WP_123613775	WP_123613775.1	9b784628b222efcc3e1e186fdff23234	96	Pfam	Dna[CI] antecedent, DciA	12	95	1.4e-13	TRUE	07-01-2022	IPR007922	Protein of unknown function DUF721/UPF0232	WP_123613775.1	DUF721 domain-containing protein [Duncaniella dubosii]	96	refseq	complete	Bacteria>Bacteroidetes	Duncaniella dubosii	BBacter_Ddubosii_WP_123613775.1	DciA	Dna[CI] antecedent, DciA	CL0424	DciA
PTHR36456	2518971	WP_123613775	WP_123613775.1	9b784628b222efcc3e1e186fdff23234	96	PANTHER	UPF0232 PROTEIN SCO3875	2	95	1.6e-13	TRUE	07-01-2022	NA	NA	WP_123613775.1	DUF721 domain-containing protein [Duncaniella dubosii]	96	refseq	complete	Bacteria>Bacteroidetes	Duncaniella dubosii	BBacter_Ddubosii_WP_123613775.1	UPF0232 PROTEIN SCO3875	UPF0232 PROTEIN SCO3875	NA	UPF0232 PROTEIN SCO3875
PF05258	139438	WP_128465527	WP_128465527.1	d7e3f5baaaef3b4621f6beb75b9bc5aa	146	Pfam	Dna[CI] antecedent, DciA	5	84	3e-15	TRUE	07-01-2022	IPR007922	Protein of unknown function DUF721/UPF0232	WP_128465527.1	DUF721 domain-containing protein [Geovibrio thiophilus]	146	refseq	complete	Bacteria>Deferribacteres	Geovibrio thiophilus	BDeferr_Gthiophilus_WP_128465527.1	DciA	Dna[CI] antecedent, DciA	CL0424	DciA
PTHR36456	139438	WP_128465527	WP_128465527.1	d7e3f5baaaef3b4621f6beb75b9bc5aa	146	PANTHER	UPF0232 PROTEIN SCO3875	2	134	1.7e-15	TRUE	07-01-2022	NA	NA	WP_128465527.1	DUF721 domain-containing protein [Geovibrio thiophilus]	146	refseq	complete	Bacteria>Deferribacteres	Geovibrio thiophilus	BDeferr_Gthiophilus_WP_128465527.1	UPF0232 PROTEIN SCO3875	UPF0232 PROTEIN SCO3875	NA	UPF0232 PROTEIN SCO3875
PF05258	34	WP_140863302	WP_140863302.1	5ba6f33d9c693613fd511c43c8f493a9	101	Pfam	Dna[CI] antecedent, DciA	8	94	2.1e-20	TRUE	07-01-2022	IPR007922	Protein of unknown function DUF721/UPF0232	WP_140863302.1	DUF721 domain-containing protein [Myxococcus xanthus]	101	refseq	complete	Bacteria>Proteobacteria	Myxococcus xanthus	BProteo_Mxanthus_WP_140863302.1	DciA	Dna[CI] antecedent, DciA	CL0424	DciA
PTHR36456	34	WP_140863302	WP_140863302.1	5ba6f33d9c693613fd511c43c8f493a9	101	PANTHER	UPF0232 PROTEIN SCO3875	2	97	4.7e-16	TRUE	07-01-2022	NA	NA	WP_140863302.1	DUF721 domain-containing protein [Myxococcus xanthus]	101	refseq	complete	Bacteria>Proteobacteria	Myxococcus xanthus	BProteo_Mxanthus_WP_140863302.1	UPF0232 PROTEIN SCO3875	UPF0232 PROTEIN SCO3875	NA	UPF0232 PROTEIN SCO3875
PF05258	653931	WP_183109841	WP_183109841.1	673b34c03723cb9f1d890f5f8634b8dc	184	Pfam	Dna[CI] antecedent, DciA	26	116	7.8E-13	TRUE	07-01-2022	IPR007922	Protein of unknown function DUF721/UPF0232	WP_183109841.1	DciA family protein [Sphingomonas alpina]	184	refseq	complete	Bacteria>Proteobacteria	Sphingomonas alpina	BProteo_Salpina_WP_183109841.1	DciA	Dna[CI] antecedent, DciA	CL0424	DciA
PIRSF032064	653931	WP_183109841	WP_183109841.1	673b34c03723cb9f1d890f5f8634b8dc	184	PIRSF	UCP032064	3	170	2.1E-25	TRUE	07-01-2022	IPR010593	Protein of unknown function DUF1159	WP_183109841.1	DciA family protein [Sphingomonas alpina]	184	refseq	complete	Bacteria>Proteobacteria	Sphingomonas alpina	BProteo_Salpina_WP_183109841.1	UCP032064	NA	NA	UCP032064
mobidb-lite	653931	WP_183109841	WP_183109841.1	673b34c03723cb9f1d890f5f8634b8dc	184	MobiDBLite	consensus disorder prediction	1	24	-	TRUE	07-01-2022	NA	NA	WP_183109841.1	DciA family protein [Sphingomonas alpina]	184	refseq	complete	Bacteria>Proteobacteria	Sphingomonas alpina	BProteo_Salpina_WP_183109841.1	consensus disorder prediction	NA	NA	consensus disorder prediction
mobidb-lite	653931	WP_183109841	WP_183109841.1	673b34c03723cb9f1d890f5f8634b8dc	184	MobiDBLite	consensus disorder prediction	1	21	-	TRUE	07-01-2022	NA	NA	WP_183109841.1	DciA family protein [Sphingomonas alpina]	184	refseq	complete	Bacteria>Proteobacteria	Sphingomonas alpina	BProteo_Salpina_WP_183109841.1	consensus disorder prediction	NA	NA	consensus disorder prediction
PF05258	42253	WP_187299312	WP_187299312.1	51de2a163c407c8c24987ee923ae2494	155	Pfam	Dna[CI] antecedent, DciA	11	96	2.3E-18	TRUE	07-01-2022	IPR007922	Protein of unknown function DUF721/UPF0232	WP_187299312.1	DUF721 domain-containing protein [Nitrospira moscoviensis]	155	refseq	complete	Bacteria>Nitrospirae	Nitrospira moscoviensis	BNitros_Nmoscoviensis_WP_187299312.1	DciA	Dna[CI] antecedent, DciA	CL0424	DciA
PTHR36456	42253	WP_187299312	WP_187299312.1	51de2a163c407c8c24987ee923ae2494	155	PANTHER	UPF0232 PROTEIN SCO3875	7	148	2.2E-20	TRUE	07-01-2022	NA	NA	WP_187299312.1	DUF721 domain-containing protein [Nitrospira moscoviensis]	155	refseq	complete	Bacteria>Nitrospirae	Nitrospira moscoviensis	BNitros_Nmoscoviensis_WP_187299312.1	UPF0232 PROTEIN SCO3875	UPF0232 PROTEIN SCO3875	NA	UPF0232 PROTEIN SCO3875
mobidb-lite	42253	WP_187299312	WP_187299312.1	51de2a163c407c8c24987ee923ae2494	155	MobiDBLite	consensus disorder prediction	107	127	-	TRUE	07-01-2022	NA	NA	WP_187299312.1	DUF721 domain-containing protein [Nitrospira moscoviensis]	155	refseq	complete	Bacteria>Nitrospirae	Nitrospira moscoviensis	BNitros_Nmoscoviensis_WP_187299312.1	consensus disorder prediction	NA	NA	consensus disorder prediction
PF05258	73044	WP_217711121	WP_217711121.1	60efd2455d07262c42c162a4dc364823	206	Pfam	Dna[CI] antecedent, DciA	27	75	3.4e-05	TRUE	07-01-2022	IPR007922	Protein of unknown function DUF721/UPF0232	WP_217711121.1	DciA family protein [Streptomyces seoulensis]	206	refseq	complete	Bacteria>Actinobacteria	Streptomyces seoulensis	BActino_Sseoulensis_WP_217711121.1	DciA	Dna[CI] antecedent, DciA	CL0424	DciA
PF10686	73044	WP_217711121	WP_217711121.1	60efd2455d07262c42c162a4dc364823	206	Pfam	YspA, cpYpsA-related SLOG family	81	156	4e-11	TRUE	07-01-2022	IPR019627	YspA, cpYpsA-related SLOG family	WP_217711121.1	DciA family protein [Streptomyces seoulensis]	206	refseq	complete	Bacteria>Actinobacteria	Streptomyces seoulensis	BActino_Sseoulensis_WP_217711121.1	YAcAr	YspA, cpYpsA-related SLOG family	CL0349	YAcAr
