Phylum/Class	Order	Species name	Gram_stain	DciA accession number (uniprot)	AccNum	DUF721_range	Protein Length	Group	FASTA sequence
Bacteroidetes	Bacteroidales	Duncaniella dubosii	-	A0A4P7W1V9	WP_123613775.1	8-95aa	96	Group 1	MKRTYPKHIAGIIDEAMARAGLTDSLNEQRAAAAWVDVVGPSINRYTTRRFVDHGVLHVYMTSAPLKNELSFNRDRLISAINRMVGADVINDVQFH
Bacteroidetes	Bacteroidales	Prevotella denticola	-	A0A347B1Z0	WP_118866996.1	8-95aa	96	Group 1	MFRRKVQPLDDVLNQFLRQGGLEAPLLQKRLLDAWDSVAGKVVARYTQEKFIRNQTLFVKLQSPALRADFSMMQSELVKKLNAAVGSMVITGVRFY
Chlorobi	Chlorobiales	Chloroherpeton thalassium	-	B3QWU8	WP_012499396.1	9-96aa	97	Group 1	MPYTDEPRSFGSVLEVLYKKLGLEGYAKEFKAVSVWGTVVGPHIARVSEVEKIVNGVLYVKVKNSAWRNELNFKKVTIIHQLNKHIGQELVIDIVFR
Fusobacteria	Fusobacteriales	Fusobacterium necrophorum	-	J4VUT0	WP_005956359.1	4-89aa	99	Group 1	MKLSIHKLFDIVQEEFQKNIPMQEAFIRVHWEKIIGKYSRYSEVLWFRDGKLCIKVYNSMALQHMYMNKNKILNQINEYMKIKKVEIEDVKYILEGKHE
Gemmatimonadetes	Gemmatimonadales	Gemmatimonas aurantiaca	-	C1A6J6	WP_012682303.1	11-99aa	103	Group 1	MSEKPPRKPTAMSDVVASVLQKAGLTDRLAQVSVIPEWPQLVGPQIASVTEPLLLQQDGTLVVMVKTHGWMQELTLLEPELLRSLNRDPSRAPVVKLRLMLRR
Planctomycetes	Planctomycetales	Planctomicrobium piriforme	- (but unique)	A0A1I3FWT5	WP_092049429.1	14-102	116	Group 1	MSQRPMERARPYDTSEPDTLGSVLSKLFALRGYGRPQAGRVLQELWTSAAEPALLAQTKVLSLKNGVLQV GVSNSALLSELAAFRKMELLEILRKSPAGAKIRDLKFKLRGDLKTR
Proteobacteria/alphaproteobacteria	Rickettsiales	Rickettsia rickettsii	-	B0BVG2	WP_012151389.1	4-98aa	107	Group 1	MKLIKEDIDKIVRRIFAKQHPLLPEIMINWNKIVGFNFSTKALPLKITTYTYKKQKINTLFIQAEDNATAAKLPYYQDIILERIKIYLGFAAIHQINVTFYKGKKSL
Proteobacteria/alphaproteobacteria	Rickettsiales	Rickettsia prowazekii	-	Q9ZCD1	WP_004596839.1	4-98aa	108	Group 1	MKLIKEDIDKIVRRIFAKQHPLLPKIMINWHKIVGFNFSTKALPLKIKTYTYKKQKINILLIQAEDNATAAELPYYQDIILERIKIYLGFEAIHQMNVTFYKAKSKVR
proteobacteria/deltaproteobacteria	Myxococcales	Myxococcus xanthus	-	UPI00112CE862	WP_140863302.1	8-94aa	101	Group 1	MARSEPKSLESLLPRVLARLAGESGKGHALAPVWEAVVGPHLARHTTPQALQGTTLVVAVTGAQWAQSLE SEAASLCEQLNARLGPDTVKSLSFTFQVARR
Proteobacteria/gammaproteobacteria	Pasteurellales	Pasteurella multocida	-	Q9CLK5	WP_083003370.1	8-93aa	101	Group 1	MRYEKPVNVIELLENSSLAKIMKKGLFLNALNLHLQQRIPQQYQGLYNVANLEQDTLYLDVANASVRQAL LFEQKTILALIHQDYPEVKKIKFTITPNLFC
Proteobacteria/gammaproteobacteria	Pasteurellales	Haemophilus influenzae	-	P44072	WP_005693258.1	13-98	104	Group 1	MENKAERYQKAVNITDVLEQSPFAKIIKKGLAINEINQKFNRIFPQEFHGKFRIGNMTDNSIFIETANAIVRQGILFRQTELLKLIQEEFPQVTGFEITINPGF
Proteobacteria/gammaproteobacteria	Pasteurellales	Actinobacillus succinogenes	-	A6VQX2	WP_012073745.1	12-97aa	110	Group 1	MERTKRYQKVMNIKELLDTSSLAQVMKKGLFINELNQQIQQLFPSQFMGLYRVANFTEDTLIIEAASAVVRQGFLFRRKELLQNIQILQPEIKQLQFCINPELGGKKTKK
Spirochaetes	Spirochaetales	Borrelia crocidurae	-	B5RLZ6	WP_012538193.1	8-96aa	99	Group 1	MEDLSFKKVADVLKNYLNTNICSNEKLSANLLLSQNWQVIFKELADKVKLLNLKDNKILFVAVKNSSILYNISCNKAKIIQSIKESAGLEILDIKVLIR
Thermotogae	Thermotogales	Thermotoga petrophila	-	A5IIV1	WP_011942798.1	3-90aa	101	Group 1	MILLRQLFEELSTKQPLFFELKIKMLLSEWDKIVGPVIAKHTKVEKVENGTVYVVCDDSLWMTELSMQKDRLLRILNEKSGKELFKDIRFRRGKVDGKVLR
Acidobacteria	Acidobacteriales	Bryocella elongata	-	A0A1H5WD57	WP_103932439.1	3-89aa	104	Group 1	MQRMRDVLRESLGLSLDALSELDRLATAWPVACGASLARHGEIVELDAERTVHIRVEGAEWMREFLDMRSSLRQNLARIARVPLNGIHFEEQGRAAERARRPAR
Actinobacteria	Bifidobacteriales	Bifidobacterium longum	+	Q8G6K4	WP_008783054.1	54-141	156	Group 2	MNPPIARQLNLDETKLPAEIFERLSRRGATLKDYRRRREEAIENFGKPGRDPAELGSVMTTIAGNGVWAANMKLAQLRNHWDQVVGQAIASHSAVADFTDGVLTIRAESTVWATQLTYLIPQLTDTIRRNLKGLTITEIRVTGPAAGYTRKWARRR
Actinobacteria	Mycobacteriales	Mycobacterium tuberculosis	+	A0A0H3L4B0	WP_077585554.1	75-162	171	Group 2	MKSPGLDLVRRTLDEARAAARARGQDAGRGRVASVASGRVAGRRRSWSGPGPDIRDPQPLGKAARELAKK RGWSVRVAEGMVLGQWSAVVGHQIAEHARPTALNDGVLSVIAESTAWATQLRIMQAQLLAKIAAAVGNDV VRSLKITGPAAPSWRKGPRHIAGRGPRDTYG
Actinobacteria	Mycobacteriales	Corynebacterium glutamicum	+	Q8NUD4	WP_074493017.1	66-153	178	Group 2	MTDPIEQAFERIRAEAMRRNGSVPDLNKNDAFRRPPAPKGGVEKRKKGRPSGLDGRQKRYVRGAESLGSV LNKEIQRRGWGKDIAGGWVTSNWEELVGAKIAQHTRVEMIKDKKLFITCDSTAWATNLRMMQRQILQVIA EKVGPNIITELRIFGPQAPSWRKGPLHVKGRGPRDTYG
Actinobacteria	Streptomycetales	Streptomyces avermiltilis	+	Q82FD4	WP_010985745.1	66-155	181	Group 4	MSDTPAQTPEPSKKTPEPSGVDLARVALRAAKEQARARGDAAQQKRQARRGGLRSGARADGRDPMALGAAINRLLTERGWETPAAVGGVMGRWPQIVGEDLAKHCVPQRYDEDERVLTVQCDSTAWATQLRLLAPQLVARLNEDLGHGTVRLLKVQGPGGPARRYGPLRAPGSTGPGDTYG
Actinobacteria	Mycobacteriales	Mycobacterium ulcerans	+	A0PKB5	WP_011738409.1	75-162	187	Group 2	MNGDGEQPGPGDGAARDELPSMDLVRRTLAEARAAARARGQDPGRGFAAGPAPRRVAGRRRSWSGPGPDTRDPQPLGKLTRDLAKKRGWSGHVAEGTVLGQWSQVVGAQIADHATPTALNEGVLSVTAESTAWATQLRIMQSQLLAKIAAAVGNGVVTSLKITGPASPSWRKGPRHIAGRGPRDTYG
Actinobacteria	Mycobacteriales	Rhodococcus jostii	+	Q0SAG3	WP_009476748.1	76-163	188	Group 2	MTDDLEPTAPAAAAPEPEVKGIDLARRALEEARAAAKASGKSVGQGRRSGTGVRALRARRRRGWSGPGPDDRDPQPFGALTNAIAKQRGWSPKVSEGTVLGRWVQVVGEDIAAHAEPTGLRDGILSVSAESTAWATQLRMMQSQILAKIAAAVGDGVVKSLRITGPTAPSWRKGERHIRGRGPRDTYG
Actinobacteria	Mycobacteriales	Corynebacterium efficiens	+	Q8FUL3	WP_006768689.1	81-168	193	Group 2	MTEDEDFIAQAFERVRREAQRRNGRVPDLNNRDAFRRTTPRPIGDRANGGNGGGGGVDKRRRGRPTGPDGRYKPYVRSAEPLGAILNREIRSRGWSRDIAAGWVTSHWAELVGPKIAQHTKVEMIKDKKLFITCDSTAWATNLRMMQKQILQVIAEKVGPDVIAELRIFGPQAPSWRKGPLHVKGRGPRDTYG
Actinobacteria	Mycolicibacteriales	Mycolicibacterium smegmatis	+	A0QND9	WP_011726604.1	82-169	194	Group 2	MTGPFDDDGPEEDAPVPAPPDHLAGLRGIDLVRRTLEEARGAARSQGKDVGRGRSGPARRVGGNRRRRTWSGPGPDARDPQLLGAVTQDLAKSRGWSARVAEGSVIGRWRAVVGDQIADHATPTALNEGVLTVTAESTAWATQLRMVQSQLLAKIAAVVGDGVVTTLKIVGPAGPSWRKGRYHVSGRGPRDTYG
Actinobacteria	Mycobacteriales	Corynebacterium atypicum	+	A0A075TPL8	WP_038603888.1	94-181	206	Group 2	MSDAGQEGPEDMVAAAFARLRRSASAGGRRAPSLKLQASRSTATRAKVPGLLEPPAQAGAGQKPAAGGAQSRRRRGIPTGKDGYIVQRRRDVDSVGTLLGREMNRRGWTGHLAGGWITGHWAELVGEKIAAHTTVEMIKDHTVFITCDSTAWATNLRYMQRQILQEIVRMVGPDVVRELKIFGPKAPSWRKGRLHVKGRGPRDTYG
Actinobacteria	Bifidobacteriales	Bifidobacterium indicum	+	A0A087VSF2	WP_110444323.1	54-140	165	Group 2	MRAPVVETLHLDQRLLPARIFEEYTRQAAKQKDMKERSLQSWFEFGKPGRDPNRLGGVITSLATGGGWMP HMKVANLRNRWDTVVGPGIAAHSRVVSYKDGVLVVQAQTTVWATQLTYLVPQLKEAISKRLQMPVTEVRV TGPHNYSFRRGRFDPPGRGVRDTYG
Chlamydiae	Chlamydiales	Parachlamydia acanthamoeabe	variable (n/a), counted as -	F8KZR8	WP_006340294.1	21-109	112	Group 1	MRKNTRRIPKDYDGTEVTTHQVSDVLTAVLARIHEKYQEHPDLVLAAWPGVIGPKLAGMTQAVSFSDGIFVVKVKNSTLHSLLNQNEKPRILRILREKFPKVMIKGIVFRMG
Chlamydiae	Chlamydiales	Chlamydia trachomatis	variable (n/a), counted as -	G4NNE0	WP_009871537.1	25-113	116	Group 1	MSFYPQNLPSFRRRKPSRTDSPIKHAKHFLRDHLSHLRKILAGKPQEVIEAWYEILGKKYNGMTQAIGLKDGILSIKVRNASLYAVLKQSSQKELISRIHSAVPGAKVKEIRFLLG
Elusimicrobia	Elusimicrobiales	Elusimicrobium minutum	-	B2KAM6	WP_012414187.1	9-97	98	Group 1	MKLGAKPRKIWNSSGDLNNNFNPLAFKLNRLMVLGMVWEKLAGKRAKFWILDAASKDAVFIKVKNSSAKLELAGHKENLIKELNKHFDKPWIKKIEIV
Fibrobacteres	Fibrobacter	Fibrobacter intestinalis	-	A0A1M6PJH9	WP_083545550.1	25-112	113	Group 2	MMFAEDYPKKRRTDPKEHKLKSLTHAGVILAKVLSAGALGEKQYLFKLVSNIETLFGKPMSEHLKIVDLQDSVLVLKASNSVWKSESAYQKKAIIERCNGLLGVKYVKNIRFV
Proteobacteria/Gammaproteobacteria	Legionellales	Coxiella burnetii	-	A9KEQ0	WP_010957403.1	25-109	114	Group 1	MYIIRQKRGIFFNKMNQIPPDDPKRISHCFQSGTLKTIAQKANQIATLEKLLARFLPQELVPHCHVMNISGNTLILQLDSGAVAMRVRYLTPSLLEQLAQQEVQLAAIQCHVRP
Verrucomicrobiae	Verrucomicrobiales	Prosthecobacter debontii	-	A0A1T4Z4M5	WP_078816175.1	52-138	141	Group 2	
Acidobacteria	Blastocatellales	Pyrinomonas methylaliphatogenes	-	A0A0B6WY67	WP_041976151.1	3-90aa	158	Group 3	MDELIRALPLLLRAAGDNEEVAEAAVFVAWRRVAGEGLRYHAIPFRLYRRTLIVAVPDATWQRQIEKISGQLIFRLNSLLGQPIVTYIEFRVDPQTVQRERARRQRISYFVDEEQALRRAEGLRVAAGKIRDEALRRRFLLAAGSCLDRIERSEKIDE
actinobacteria	Streptomycetales	Streptomyces seoulensis	+	A0A7H8LR85	WP_217711121.1	1-75	206	Group 2	MSEQLSADEVMAAFQGVWEEVFHDAPVIPQGYADGTLTVATVSRVWHTQLRLIGHNLAAKLNAVLPAPIINTVRVRLDPIRILVTGSRTWTRTRTVDDALLNAWHDATQVYGLGTAIVVVHGACPHGADAYADAWATRQDRQYVSVEPHAADWKNHGRGAGFRRNAEMVQCGADLCLAFIKDGSSGAMHTANLAEANAIPTIRFEE
Cyanobacteria	Gloeobacterales	Gloeobacter violaceus	-	Q7NK99	WP_011141578.1	5-93aa	180	Group 3	MKPVSLSSLLGDLVRNPQMARNQRLVQLQKQWAKVVGEAVAAHCRPLKLQDAVLTVAVSGAVWAQNLGYQRRLLMGKIAEIWGAAEPLRDIRFETTGWYAREKTGRVPLAPEHPLIVPLAGHPAPAPGAGPPTLQDRLERLRTLARWRGEQLPECPRCRMGAPRGELVRWGMCGSCAVRP
Deferribacteres	Deferribacterales	Geovibrio thiophilus	-	A0A410JVK9	WP_128465527.1	2-84aa	146	Group 3	MKKISELLDNKLAGEAREHSSLAKTWHHAVGDTVAAVAMPLKIDGTCLIVGVSDNMWLSELSHMKDEIMENLAAKGMNVKDIRFVFRQAPRRKTKPVFVPRNLTDKEERTVKHMCSVIKDKTLRESAEKAMRAYFGKYSYDDFIGR
Deferribacteres	Deferribacterales	Denitrovibrio acetiphilus	-	D4H188	WP_013009384.1	4-84aa	147	Group 3	MKKLSEILPGSIPGNFQSYLKTKKVWNDCAGDSIAFLTTVGSTKDGVLNVAVHDQTWLSEIGFLKGELISRLNQQGLEISNINFFYKAKKQSEAAKAIHKRKEMSEKEKKFADKLIETVENEDLRNSLRKAIYAYFTVYTLDDYLNC
Dictyoglomi	Dictyoglomales	Dictyoglomus thermophilum	-	B5YFF0	WP_012547832.1	8-92aa	160	Group 3	MPDSLYSKLWEVFIKLNLEKKLCEYLAMNKWEEVVGETLSQHTRPAYVKDGILYVYVDSSVWVQELSLFKDKLIEKLNSSVVIPHVIKDIIFIDKGKAFNKLKSRKVKKEVKLSLQEEERIAKIVEDIKDEELREILKNYYKSIALIQKGGIKDGRNKKR
Nitrospirae	Nitrospirales	Nitrospira moscoviensis	-	A0A0K2G6A1	WP_187299312.1	11-96aa	155	Group 3	MARSHPLDSCGAILSGLAKRLGLEPRLVELRLQHRWREIVGEPTGSHTWPDQIRFKKLYLVVRNSVWLQQLTFLKPTLLAKIQAETGPDLITEIVFRVGEIPALRSDAHTGSDAPPPATDAALAEAQAHAAAVQDPELRARLTQVMAEAFSRADR
Proteobacteria/alphaproteobacteria	Hyphomicrobiales	Mesorhizobium australicum	-	L0KTS5	WP_015318768.1	12-110	166	Group 3	MAGKRRFGNPVPVSDLATDILDPVLRKRAGISIGLVQSWEEIAGPRLAIHSRPEKIQWPRRLHEDDPFEPAVLVIACEGMAALHLQHETSEIINRVNAFLGFRAIGRIRIVQKPISSGRARPKPTLRALSAAEKAKLSDTVGLIEDDGLRASLERLGATILGARKA
Proteobacteria/alphaproteobacteria	Hyphomicrobiales	Bartonella henselae	-	A0A0H3LXS5	WP_011180388.1	12-110aa	166	Group 3	MSKQFQKRHFYSLSEIIFKMLDPILRKRTGLNVALIENWSQIAGRDIAEHTVPLKIIWKRRVDQDEIFQPGTLIVACEGFVALKLIHETAELIHRINVFFGYIALNRIKIEQRSVSVFSNQLPRKLSLSVKEKKCVEKMLEGVENESLRQSLYELGCCIFAEKKNK
Proteobacteria/alphaproteobacteria	Hyphomicrobiales	Agrobacterium tumefaciens	-	A0A1S7PYD4	WP_003509079.1	14-114	173	Group 3	MKKPADSFRKGVVQIAEVANGIMDPVLSKRAGINTALLGSWDEIAGEDFADCTRPEKITWPRRDEGPDRGGYQPGVLTIACEGARALFLTHAQGELIARINGFFGFPAVRQIRIVQKPVSQTIHRRGKPQPLRGDAAKRLDDMMEGIESEALRKAVERLGTAVLQKKPRGRAI
Proteobacteria/alphaproteobacteria	Hyphomicrobiales	Brucella abortus	-	Q57EM7	WP_002963653.1	12-110	175	Group 3	MSEPNPKRGFRPLADMASGLVDPVLRKRAGINLALLQAWEDIVGPAIGASSRPLCILWPRRIREDDPFTPATLVIACEGFAALQIQHETGEIISRVNGFLGFAAIGRIRIKQKPPVIAVKRRVKRLASLGPAEERSVDKATAGIEDDALRQALARLGRNILAEKRMLGKKGGSKN
Proteobacteria/betaproteobacteria	Neisseriales	Neisseria gonnorhoeae	-	D6H8N2	WP_003688269.1	3-88aa	140	Group 3	MNLEQLGRRDALLSGLLKQAGQWRRLDAAVKKLLPANLHPHFQTACIEDGRLVLLAANNMAASRLKMIAPSVLPQLAGLDASIRSVSVRLVPKPEKPPKTNTLHLSKAALESFDSAAAKLEERHPELAEALEELVRKYGA
Proteobacteria/betaproteobacteria	Neisseriales	Neisseria meningitidis	-	A0A0A8F7K9	WP_002257648.1	14-79aa	140	Group 3	MNLEQLGRRDALLSGLLKQAGQWRRLDAAVKKLLPANLHPHFQTACIEDGRLILLAANNMAASRLKMIAPSVLPQLAGLDASIRSVSVRLVPKPEKPPKTNTLHLSKAALESFGSAAAKLEKRHPELAEALANLVRRHGA
Proteobacteria/betaproteobacteria	Burkholderiales	Burkholderia pseudomallei	-	A3NDV5	WP_038794713.1	22-105	159	Group 3	MNRPPKQLFRPNDWSRPRAAADVLQRTDAFAALRAGVEQVAALKRDLVTLLPDYLANHIEPGFIKDGTLTLFAAHNALAARLRQVEPRLLSELQARGWAVATLKVRVRPQPAPEPPRVKQARMSTAGTDALRQLADTLEPSPLQTALARMAARHTKTPR
proteobacteria/epsilonproteobacteria	Campylobacterales	Nitratifractor salsuginis	-	E6X0A3	WP_013553388.1	6-75aa	153	Group 3	MKTARHLLASLCDTHAFRPLEQHRCTRRFLELLPPRFQQAIAFVTVKNRQLMVALSHPGYKMELNYNQDVLKSLLSTLIDTCPECRFMEADRIVIFPSKFHTGSNSSKEDEETVPHYSELATGTFRIPETDEPLRECFLKIRHDILRNRGEAG
Proteobacteria/gammaproteobacteria	Psuedomonadales	Pseudomonas aeruginosa	-	Q9HW03	WP_003120896.1	5-74	131	Group 3	MLFAEAQRICRLQQLLESQLQPAARPYCHVASWRGGCLLLIVTDGHWATRLRYQQRRLQRQLQAFEEFANLAKILFKVQPTTSTQRAARRSLTLSAVAAENLRESAEIVGNPRLREALERLASRAEKSRQE
Proteobacteria/gammaproteobacteria	Legionellales	Legionella pneumophila	-	Q5ZSB7	WP_010948302.1	3-89aa	140	Group 3	MKSISQCLNKQLSTICQHSMQLEELSLKISAFLPSHFISKCQVGSFNKGCLVLTTTNAAFASEIRYLLPELRDKLRKEAGLYQLSSIKITIIAPSSQIENPAQKKSLTLSEKAKATIISESQHCTYEPLKKALLHLAQSE
Proteobacteria/gammaproteobacteria	Thiotrichales	Thiomicrospira cyclica	-	F6D9M3	WP_013834763.1	6-89aa	143	Group 3	MAKHPLNQSGLFKLIQEAQQYQALKEHVLNLLPDNMRHHVCAVGIEHPYLVLVINEALWASKIRFLAPACLDQINETYPGLNLVNPVRIRLNNQPHNIATQAKTTRPAMPPDQETAKKMLALSEQVTSSKLALALKKLSDRAQ
Proteobacteria/gammaproteobacteria	Psuedomonadales	Acinetobacter baumannii	-	A0A7U3Y3A0	WP_000042456.1	27-95	154	Group 4	MSKPDNVFQQTGKHIKTGNLTFLTTQVAQWQRLTKIIQPLLPQPEQWQVVCYQNGSLIITGENQAMISQL SYLQSQYVSKLSQLEGLKDLQRIQVRLRNKTIPVTTSSEPSKSIPPETQEMLRSAADFVSDPKLSQALLR LASNKKMMSFLFLN
Proteobacteria/gammaproteobacteria	Vibrionales	Vibrio parahaemolyticus	-	Q87SF8	WP_005480837.1	8-94aa	151	Group 3	MRDHRPTSTEDVIAESQFKQVQEHAGEILQLNQALQTILPKGTADHCRVANIRNGHLLIDVSSAAIKMKIDYDRLMILNKLRTQGYAKLISVDVRINPSLYRNRYEKDDRPKRPPLTESAAQSLMTIADMAPPKIQERLKRLADMAEKSSQ
Proteobacteria/gammaproteobacteria	Methylococcales	Methylomonas methanica	-	F9ZZP1	WP_013816973.1	14-96	154	Group 3	MNHSKKPLFKSAMDFNGRPLAMCLEKIAEQKQLLNRVRNSLPADIAEHAIHCVLSNTRLLVYTDSAVWASQIRFFNQEIVKSLPANGRQTIVSVQVKILLTPTSSTSRRTKCLPSAKTIDDILGRVDDKSNDALDLALAKLGRTLKKRLADKTA
Proteobacteria/gammaproteobacteria	Vibrionales	Vibrio cholerae	-	C3LQU0	WP_032481231.1	8-94aa	157	Group 3	MRDHRPTATDELIQASKLKQIQEHAKAILLINRQLQDILPKGLKTQVRAANVRGGNLVLEAASAALKMKVDYERLHILTQLRQNGFGHLISIEVRVNPELYRQSKITSEDARAANPRPPISEHAAHVLLAIADQASDKVKKRLQSLARLAKANQKDD
Proteobacteria/gammaproteobacteria	Enterobacterales	Klebsiella michiganensis	-	A0A0D5WQP6	WP_045781360.1	8-98aa	171	Group 3	MRDSRPQSLENLFDEAGQESMLQNVQQRAVALLRLNRAVKGILPAPLHPWCRVANFRQGILVLETANASWLMRLRYEQATLLSALRAQILPSLTSIDIRINPSLAVKGQESVQENTTQTGSDKYEVNRQLSEQSAEALREVAKRSPEKLRATIERLASLAGEGTSKTSRNR
Proteobacteria/gammaproteobacteria	Enterobacterales	Proteus mirabilis	-	B4F104	WP_004244106.1	8-100aa	172	Group 3	MRDSYPQSLENILKELEGSNKSTLQLIQQRATILLKLNRTVMALLPAPLQGKCRVANYRNAILIIEVTNASWMTRLRYEIPSLLSALRKEILPSLSSIDIKINPSLSIKAGKKSVTSSLKDPTPVKKRHLSVESAQSLKYLAEKSPKKLRERLERLAALAGESTSTAKDDAN
Proteobacteria/gammaproteobacteria	Enterobacterales	Serratia marcescens	-	A0A0M3S8F5	WP_049188024.1	7-91	171	Group 2	MRDSRPQLLDVLFDDASAGSKGPLHNVQQRAVALLKLNRAVKGLLPAPLHPWCRVANFRQGILVLETANASWMMRLRYEQPALLSALRAQILPSLSSIDIRINPALMAKGSNQVQNAEKAPEKPVPMRHLSLESAEELRGLANRSPEKLRKILERLAALAGEGTNTTSRDK
Proteobacteria/gammaproteobacteria	Enterobacterales	Photorhabdus luminescens	-	A0A1G5PZ58	WP_049582384.1	15-100	172	Group 3	MRDSRPQSLDVLFEDAAAVEKSPLHVIQQRAVALLKLNRAVISLLPAQLHPWCRVANYRKQILVLEAGNASWMTRLRYELPILLSALRSEILPSLSSIDIRINPSLMIKHGNSAQSFAKTMSNDHKTLPTRQLSQESAKELIVLANRSPKKLKERLERLAALAGESASTAKK
Proteobacteria/oligoflexia	Bdellovibrionales	Bdellovibrio bacteriovorus	-	Q6MHW6	WP_011165754.1	14-102	131	Group 3	MDPKQKPKGKLSIGSEVLQRLFENGKSPLSEQFMRWKLWAKWEEVVGPTIAKNAEPVGFQRGVLYVWVRNSSWMQQMIFMKDPIRDTINQKFENNFVKYIKFTLDRREVPTEDTSTFKEMIQKIAPESDDE
Spirochaetes	Spirochaetales	Treponema pallidum	-	O83050	WP_010881454.1	7-93aa	145	Group 3	MNNGVNKLSDLLVLTTEYIQASYETEAFDAHREWVCIVGNPVALHSTLVDIRNGKVVVKVTHPGWAQYLLLKKDEIVHALRRRYPSLGVTGMSTYVDSTSRTPSAKKDMQGLSVSEKQTRPVPELAEVFEQLRTLFQVKTEEPSH
Spirochaetes	Spirochaetales	Leptospira interrogans	-	M3H048	WP_000650726.1	15-103	154	Group 3	MKDDLISSKKIETSEFRSILNQMGITEENLQEKISIHTLKNRWKEIVGPVFASNSEVNSIQFGKLRILVSHNAYKQELLFLQNRIIRESARFLGKGIVRSIEISIGKLTASYSITNTETKEKKGLEGKDDLIAILEKETDPEIKKRYLEILQYL
Thermodesulfobacteria	Thermodesulfobacteriales	Thermodesulfatator indicus	-	F8ADQ4	WP_013908751.1	3-90aa	159	Group 3	MEKIDRVLKNLWAAPAWSKSLVAAQVLDTWEDIVGPQIASAVRPLGFARGVLTLEVSDNIWLQRLRFEEKRLLARLNERAGEAVFKKIRLVLKQNYFKKDKPKRRLQKVSPSKALITRLEKELALIEDEEIRKAFLKLRLTLLAKRHSHRAKRRFISSL
Proteobacteria/alphaproteobacteria	Sphingomonadales	Sphingomonas alpina	-	A0A7G5Z4G2	WP_183109841.1	25-118	184	Group 3	MEGVMSKRGVPKSESEPQRGGRARAVSELLPDAGRAAFRRFGFVQSAVVSRWGDIVGARYAGVSAPESIRFPQGKKSEGTLNLVVRGAHGTMMQHIAPEIIERVNRFFGYAAIARVQMRQGDVPAPRPRPAPPSLKPIPVELGASLRMIADPELKAVLEALAAGVAATKGPPVVGSPIKVRRDE
Actinobacteria	Streptomycetales	Streptomyces coelicolor	+	P35925	WP_003975057.1	72-161	190	Group 4	MSADAPEPGPGQSPGERASGGPEPSGVDLARVALRAAREAARARGDAAQQKKQARRGGLRSGARADGRDPMALGSAINRLITERGWETPAAVGGVMGRWPEIVGADVAKHCVPERYDEDERVLVVRCDSTAWATNLRLLAPTLVARLNEDLGHGSVRMIKVLGPGGPGGPGRRYGPLRAPGSQGPGDTYG
Proteobacteria/alphaproteobacteria	Caulobacterales	Caulobacter mirabilis	-	A0A2D2AUP3	WP_099620986.1	31-122	182	Group 4	MRRRTLPTLQEAAEILARRRTKPAPRPAPLAGKSLAPMLRRLEAQYGQGPGQLQMRWKEIVGETLARHTEPVKVTKGRGAAPGVLELKVAGPAAAIVQHQAPEILKRVSLLLGEGQIGKLRIIQGPVRVSAGKPQAKRRRLRGPLDAASEKALADGVAEATDGPLKEVLIKLGREVLRGSGS
Proteobacteria/Gammaproteobacteria	Psuedomonadales	Moraxella ovis	-	A0A160GE08	WP_063513593.1	53-108	172	Group 4	MSDLTNFDHVDDLFLKNNQPNHLASQLEKQAAAGMKLPAHLVNQLEHLQSCTALVQQALKPLLPQEMLQDCTVAHADRHRLTVALSSSTAANHLRYLTENCVQALRAYDEQFCYLEEFWVIVTPKPIQSDSRQTSSKKTLSENTKRIITQTASTVIYDDQLKQALLRLTKDN
Synergistetes	Synergistales	Fretibacterium fastidiosum	-	D4MA90	WP_015556932.1	29-113	176	Group 4	MKAAVAGSGTTAPEERVTAGRSRLDRMVSVKDLLGRIVPQNVRAERLREMVRSWPLVVGAARARNSAPCDLVAGVLFVAAKTPHVAQQLNQMKGNVRRALKERWDLDVHEVRVTLGAPPSRPAVSGQRPGRRAPVIEPPEAEVRRFRSQCPPSLTPEAAQALAHLRAFFTRRFPRS
